Product,duration,day,month,year,start_time,end_time,event_hours,block_cat
CBP 1-4 DA,4,31,5,2013,14,18,"[14, 15, 16, 17]",1
CBP 1-4 DA,4,31,5,2013,14,18,"[14, 15, 16, 17]",2
CBP 1-4 DA,4,31,5,2013,14,18,"[14, 15, 16, 17]",3
CBP 1-4 DA,4,31,5,2013,14,18,"[14, 15, 16, 17]",4
CBP 1-4 DA,4,31,5,2013,14,18,"[14, 15, 16, 17]",5
CBP 1-4 DA,4,31,5,2013,14,18,"[14, 15, 16, 17]",6
CBP 2-6 DA,4,31,5,2013,14,18,"[14, 15, 16, 17]",1
CBP 2-6 DA,4,31,5,2013,14,18,"[14, 15, 16, 17]",2
CBP 2-6 DA,4,31,5,2013,14,18,"[14, 15, 16, 17]",3
CBP 2-6 DA,4,31,5,2013,14,18,"[14, 15, 16, 17]",4
CBP 2-6 DA,4,31,5,2013,14,18,"[14, 15, 16, 17]",5
CBP 2-6 DA,4,31,5,2013,14,18,"[14, 15, 16, 17]",6
CBP 4-8 DA,4,31,5,2013,14,18,"[14, 15, 16, 17]",1
CBP 4-8 DA,4,31,5,2013,14,18,"[14, 15, 16, 17]",2
CBP 4-8 DA,4,31,5,2013,14,18,"[14, 15, 16, 17]",3
CBP 4-8 DA,4,31,5,2013,14,18,"[14, 15, 16, 17]",4
CBP 4-8 DA,4,31,5,2013,14,18,"[14, 15, 16, 17]",5
CBP 4-8 DA,4,31,5,2013,14,18,"[14, 15, 16, 17]",6
CBP 2-6 DO,6,28,6,2013,12,18,"[12, 13, 14, 15, 16, 17]",1
CBP 2-6 DO,6,28,6,2013,12,18,"[12, 13, 14, 15, 16, 17]",2
CBP 2-6 DO,6,28,6,2013,12,18,"[12, 13, 14, 15, 16, 17]",3
CBP 2-6 DO,6,28,6,2013,12,18,"[12, 13, 14, 15, 16, 17]",4
CBP 2-6 DO,6,28,6,2013,12,18,"[12, 13, 14, 15, 16, 17]",5
CBP 2-6 DO,6,28,6,2013,12,18,"[12, 13, 14, 15, 16, 17]",6
CBP 1-4 DO,4,28,6,2013,13,17,"[13, 14, 15, 16]",1
CBP 1-4 DO,4,28,6,2013,13,17,"[13, 14, 15, 16]",2
CBP 1-4 DO,4,28,6,2013,13,17,"[13, 14, 15, 16]",3
CBP 1-4 DO,4,28,6,2013,13,17,"[13, 14, 15, 16]",4
CBP 1-4 DO,4,28,6,2013,13,17,"[13, 14, 15, 16]",5
CBP 1-4 DO,4,28,6,2013,13,17,"[13, 14, 15, 16]",6
CBP 4-8 DA,4,28,6,2013,14,18,"[14, 15, 16, 17]",1
CBP 4-8 DA,4,28,6,2013,14,18,"[14, 15, 16, 17]",6
CBP 4-8 DA,7,1,7,2013,12,19,"[12, 13, 14, 15, 16, 17, 18]",5
CBP 4-8 DA,7,1,7,2013,12,19,"[12, 13, 14, 15, 16, 17, 18]",6
CBP 2-6 DA,6,1,7,2013,13,19,"[13, 14, 15, 16, 17, 18]",5
CBP 2-6 DA,6,1,7,2013,13,19,"[13, 14, 15, 16, 17, 18]",6
CBP 1-4 DA,4,1,7,2013,14,18,"[14, 15, 16, 17]",1
CBP 1-4 DA,4,1,7,2013,14,18,"[14, 15, 16, 17]",6
CBP 4-8 DA,8,2,7,2013,11,19,"[11, 12, 13, 14, 15, 16, 17, 18]",5
CBP 4-8 DA,8,2,7,2013,11,19,"[11, 12, 13, 14, 15, 16, 17, 18]",6
CBP 2-6 DA,6,2,7,2013,13,19,"[13, 14, 15, 16, 17, 18]",5
CBP 2-6 DA,6,2,7,2013,13,19,"[13, 14, 15, 16, 17, 18]",6
CBP 1-4 DA,4,2,7,2013,14,18,"[14, 15, 16, 17]",1
CBP 1-4 DA,4,2,7,2013,14,18,"[14, 15, 16, 17]",6
CBP 1-4 DA,2,3,7,2013,15,17,"[15, 16]",1
CBP 1-4 DA,2,3,7,2013,15,17,"[15, 16]",6
CBP 2-6 DA,2,3,7,2013,15,17,"[15, 16]",5
CBP 2-6 DA,2,3,7,2013,15,17,"[15, 16]",6
CBP 1-4 DA,2,9,7,2013,15,17,"[15, 16]",1
CBP 1-4 DA,2,9,7,2013,15,17,"[15, 16]",6
CBP 2-6 DA,2,9,7,2013,15,17,"[15, 16]",5
CBP 2-6 DA,2,9,7,2013,15,17,"[15, 16]",6
CBP 1-4 DA,2,15,7,2013,15,17,"[15, 16]",1
CBP 1-4 DA,2,15,7,2013,15,17,"[15, 16]",6
CBP 2-6 DA,2,15,7,2013,15,17,"[15, 16]",5
CBP 2-6 DA,2,15,7,2013,15,17,"[15, 16]",6
CBP 1-4 DA,2,16,7,2013,15,17,"[15, 16]",1
CBP 1-4 DA,2,16,7,2013,15,17,"[15, 16]",6
CBP 2-6 DA,2,16,7,2013,15,17,"[15, 16]",5
CBP 2-6 DA,2,16,7,2013,15,17,"[15, 16]",6
CBP 1-4 DA,2,19,7,2013,15,17,"[15, 16]",1
CBP 1-4 DA,2,19,7,2013,15,17,"[15, 16]",6
CBP 2-6 DA,2,19,7,2013,15,17,"[15, 16]",5
CBP 2-6 DA,2,19,7,2013,15,17,"[15, 16]",6
CBP 1-4 DA,1,22,7,2013,16,17,[16],1
CBP 1-4 DA,1,22,7,2013,16,17,[16],6
CBP 1-4 DA,1,15,8,2013,16,17,[16],1
CBP 1-4 DA,1,15,8,2013,16,17,[16],5
CBP 1-4 DA,1,15,8,2013,16,17,[16],6
CBP 1-4 DA,1,22,8,2013,16,17,[16],1
CBP 1-4 DA,1,22,8,2013,16,17,[16],5
CBP 1-4 DA,1,22,8,2013,16,17,[16],6
CBP 1-4 DA,2,28,8,2013,15,17,"[15, 16]",1
CBP 1-4 DA,2,28,8,2013,15,17,"[15, 16]",5
CBP 1-4 DA,2,28,8,2013,15,17,"[15, 16]",6
CBP 2-6 DA,2,28,8,2013,15,17,"[15, 16]",5
CBP 2-6 DA,2,28,8,2013,15,17,"[15, 16]",6
CBP 1-4 DO,4,29,8,2013,14,18,"[14, 15, 16, 17]",1
CBP 1-4 DO,4,29,8,2013,14,18,"[14, 15, 16, 17]",2
CBP 1-4 DO,4,29,8,2013,14,18,"[14, 15, 16, 17]",3
CBP 1-4 DO,4,29,8,2013,14,18,"[14, 15, 16, 17]",4
CBP 1-4 DO,4,29,8,2013,14,18,"[14, 15, 16, 17]",5
CBP 1-4 DO,4,29,8,2013,14,18,"[14, 15, 16, 17]",6
CBP 2-6 DO,5,29,8,2013,14,19,"[14, 15, 16, 17, 18]",1
CBP 2-6 DO,5,29,8,2013,14,19,"[14, 15, 16, 17, 18]",2
CBP 2-6 DO,5,29,8,2013,14,19,"[14, 15, 16, 17, 18]",3
CBP 2-6 DO,5,29,8,2013,14,19,"[14, 15, 16, 17, 18]",4
CBP 2-6 DO,5,29,8,2013,14,19,"[14, 15, 16, 17, 18]",5
CBP 2-6 DO,5,29,8,2013,14,19,"[14, 15, 16, 17, 18]",6
CBP 1-4 DA,2,29,8,2013,15,17,"[15, 16]",1
CBP 1-4 DA,2,29,8,2013,15,17,"[15, 16]",5
CBP 1-4 DA,2,29,8,2013,15,17,"[15, 16]",6
CBP 2-6 DA,2,29,8,2013,15,17,"[15, 16]",5
CBP 2-6 DA,2,29,8,2013,15,17,"[15, 16]",6
CBP 1-4 DO,4,30,8,2013,11,15,"[11, 12, 13, 14]",1
CBP 1-4 DO,4,30,8,2013,11,15,"[11, 12, 13, 14]",2
CBP 1-4 DO,4,30,8,2013,11,15,"[11, 12, 13, 14]",3
CBP 1-4 DO,4,30,8,2013,11,15,"[11, 12, 13, 14]",4
CBP 1-4 DO,4,30,8,2013,11,15,"[11, 12, 13, 14]",5
CBP 1-4 DO,4,30,8,2013,11,15,"[11, 12, 13, 14]",6
CBP 2-6 DO,6,30,8,2013,11,17,"[11, 12, 13, 14, 15, 16]",1
CBP 2-6 DO,6,30,8,2013,11,17,"[11, 12, 13, 14, 15, 16]",2
CBP 2-6 DO,6,30,8,2013,11,17,"[11, 12, 13, 14, 15, 16]",3
CBP 2-6 DO,6,30,8,2013,11,17,"[11, 12, 13, 14, 15, 16]",4
CBP 2-6 DO,6,30,8,2013,11,17,"[11, 12, 13, 14, 15, 16]",5
CBP 2-6 DO,6,30,8,2013,11,17,"[11, 12, 13, 14, 15, 16]",6
CBP 1-4 DA,1,30,8,2013,16,17,[16],1
CBP 1-4 DA,1,30,8,2013,16,17,[16],5
CBP 1-4 DA,1,30,8,2013,16,17,[16],6
CBP 1-4 DA,3,4,9,2013,14,17,"[14, 15, 16]",1
CBP 1-4 DA,3,4,9,2013,14,17,"[14, 15, 16]",5
CBP 1-4 DA,3,4,9,2013,14,17,"[14, 15, 16]",6
CBP 2-6 DA,3,4,9,2013,14,17,"[14, 15, 16]",4
CBP 2-6 DA,3,4,9,2013,14,17,"[14, 15, 16]",5
CBP 2-6 DA,3,4,9,2013,14,17,"[14, 15, 16]",6
CBP 1-4 DA,1,5,9,2013,16,17,[16],1
CBP 1-4 DA,1,5,9,2013,16,17,[16],5
CBP 1-4 DA,1,5,9,2013,16,17,[16],6
CBP 1-4 DA,4,6,9,2013,13,17,"[13, 14, 15, 16]",1
CBP 1-4 DA,4,6,9,2013,13,17,"[13, 14, 15, 16]",5
CBP 1-4 DA,4,6,9,2013,13,17,"[13, 14, 15, 16]",6
CBP 2-6 DA,5,6,9,2013,13,18,"[13, 14, 15, 16, 17]",4
CBP 2-6 DA,5,6,9,2013,13,18,"[13, 14, 15, 16, 17]",5
CBP 2-6 DA,5,6,9,2013,13,18,"[13, 14, 15, 16, 17]",6
CBP 4-8 DA,5,6,9,2013,13,18,"[13, 14, 15, 16, 17]",5
CBP 4-8 DA,5,6,9,2013,13,18,"[13, 14, 15, 16, 17]",6
CBP 1-4 DA,3,9,9,2013,14,17,"[14, 15, 16]",1
CBP 1-4 DA,3,9,9,2013,14,17,"[14, 15, 16]",5
CBP 1-4 DA,3,9,9,2013,14,17,"[14, 15, 16]",6
CBP 2-6 DA,3,9,9,2013,14,17,"[14, 15, 16]",4
CBP 2-6 DA,3,9,9,2013,14,17,"[14, 15, 16]",5
CBP 2-6 DA,3,9,9,2013,14,17,"[14, 15, 16]",6
CBP 1-4 DA,2,9,12,2013,17,19,"[17, 18]",1
CBP 1-4 DA,2,9,12,2013,17,19,"[17, 18]",2
CBP 1-4 DA,2,9,12,2013,17,19,"[17, 18]",3
CBP 1-4 DA,2,9,12,2013,17,19,"[17, 18]",4
CBP 1-4 DA,2,9,12,2013,17,19,"[17, 18]",5
CBP 1-4 DA,2,9,12,2013,17,19,"[17, 18]",6
CBP 2-6 DA,2,9,12,2013,17,19,"[17, 18]",4
CBP 2-6 DA,2,9,12,2013,17,19,"[17, 18]",5
CBP 1-4 DO,4,6,2,2014,15,19,"[15, 16, 17, 18]",1
CBP 1-4 DO,4,6,2,2014,15,19,"[15, 16, 17, 18]",2
CBP 1-4 DO,4,6,2,2014,15,19,"[15, 16, 17, 18]",3
CBP 1-4 DO,4,6,2,2014,15,19,"[15, 16, 17, 18]",4
CBP 1-4 DO,4,6,2,2014,15,19,"[15, 16, 17, 18]",5
CBP 1-4 DO,4,6,2,2014,15,19,"[15, 16, 17, 18]",6
CBP 2-6 DO,4,6,2,2014,15,19,"[15, 16, 17, 18]",1
CBP 1-4 DA,1,6,2,2014,18,19,[18],1
CBP 1-4 DA,1,6,2,2014,18,19,[18],2
CBP 1-4 DA,1,6,2,2014,18,19,[18],3
CBP 1-4 DA,1,6,2,2014,18,19,[18],4
CBP 1-4 DA,1,6,2,2014,18,19,[18],5
CBP 1-4 DA,1,6,2,2014,18,19,[18],6
CBP 1-4 DA,3,15,5,2014,15,18,"[15, 16, 17]",1
CBP 1-4 DA,3,15,5,2014,15,18,"[15, 16, 17]",2
CBP 1-4 DA,3,15,5,2014,15,18,"[15, 16, 17]",3
CBP 1-4 DA,3,15,5,2014,15,18,"[15, 16, 17]",4
CBP 1-4 DA,3,15,5,2014,15,18,"[15, 16, 17]",5
CBP 1-4 DA,3,15,5,2014,15,18,"[15, 16, 17]",6
CBP 1-4 DO,2,3,7,2014,15,17,"[15, 16]",1
CBP 1-4 DO,2,3,7,2014,15,17,"[15, 16]",2
CBP 1-4 DO,2,3,7,2014,15,17,"[15, 16]",3
CBP 1-4 DO,2,3,7,2014,15,17,"[15, 16]",4
CBP 1-4 DO,2,3,7,2014,15,17,"[15, 16]",5
CBP 1-4 DO,2,3,7,2014,15,17,"[15, 16]",6
CBP 1-4 DA,1,7,7,2014,15,16,[15],1
CBP 1-4 DA,1,7,7,2014,15,16,[15],2
CBP 1-4 DA,1,7,7,2014,15,16,[15],3
CBP 1-4 DA,1,7,7,2014,15,16,[15],4
CBP 1-4 DA,1,7,7,2014,15,16,[15],5
CBP 1-4 DA,1,7,7,2014,15,16,[15],6
CBP 1-4 DA,4,14,7,2014,15,19,"[15, 16, 17, 18]",1
CBP 1-4 DA,4,14,7,2014,15,19,"[15, 16, 17, 18]",2
CBP 1-4 DA,4,14,7,2014,15,19,"[15, 16, 17, 18]",3
CBP 1-4 DA,4,14,7,2014,15,19,"[15, 16, 17, 18]",4
CBP 1-4 DA,4,14,7,2014,15,19,"[15, 16, 17, 18]",5
CBP 1-4 DA,4,14,7,2014,15,19,"[15, 16, 17, 18]",6
CBP 1-4 DA,1,15,7,2014,17,18,[17],1
CBP 1-4 DA,1,15,7,2014,17,18,[17],2
CBP 1-4 DA,1,15,7,2014,17,18,[17],3
CBP 1-4 DA,1,15,7,2014,17,18,[17],4
CBP 1-4 DA,1,15,7,2014,17,18,[17],5
CBP 1-4 DA,1,15,7,2014,17,18,[17],6
CBP 1-4 DO,4,30,7,2014,15,19,"[15, 16, 17, 18]",1
CBP 1-4 DO,4,30,7,2014,15,19,"[15, 16, 17, 18]",2
CBP 1-4 DO,4,30,7,2014,15,19,"[15, 16, 17, 18]",3
CBP 1-4 DO,4,30,7,2014,15,19,"[15, 16, 17, 18]",4
CBP 1-4 DO,4,30,7,2014,15,19,"[15, 16, 17, 18]",5
CBP 1-4 DO,4,30,7,2014,15,19,"[15, 16, 17, 18]",6
CBP 2-6 DO,4,30,7,2014,15,19,"[15, 16, 17, 18]",1
CBP 2-6 DO,4,30,7,2014,15,19,"[15, 16, 17, 18]",2
CBP 2-6 DO,4,30,7,2014,15,19,"[15, 16, 17, 18]",3
CBP 2-6 DO,4,30,7,2014,15,19,"[15, 16, 17, 18]",4
CBP 2-6 DO,4,30,7,2014,15,19,"[15, 16, 17, 18]",5
CBP 2-6 DO,4,30,7,2014,15,19,"[15, 16, 17, 18]",6
CBP 2-6 DO,5,31,7,2014,14,19,"[14, 15, 16, 17, 18]",1
CBP 2-6 DO,5,31,7,2014,14,19,"[14, 15, 16, 17, 18]",2
CBP 2-6 DO,5,31,7,2014,14,19,"[14, 15, 16, 17, 18]",3
CBP 2-6 DO,5,31,7,2014,14,19,"[14, 15, 16, 17, 18]",4
CBP 2-6 DO,5,31,7,2014,14,19,"[14, 15, 16, 17, 18]",5
CBP 2-6 DO,5,31,7,2014,14,19,"[14, 15, 16, 17, 18]",6
CBP 1-4 DO,4,31,7,2014,15,19,"[15, 16, 17, 18]",1
CBP 1-4 DO,4,31,7,2014,15,19,"[15, 16, 17, 18]",2
CBP 1-4 DO,4,31,7,2014,15,19,"[15, 16, 17, 18]",3
CBP 1-4 DO,4,31,7,2014,15,19,"[15, 16, 17, 18]",4
CBP 1-4 DO,4,31,7,2014,15,19,"[15, 16, 17, 18]",5
CBP 1-4 DO,4,31,7,2014,15,19,"[15, 16, 17, 18]",6
CBP 1-4 DA,1,1,8,2014,17,18,[17],1
CBP 1-4 DA,1,1,8,2014,17,18,[17],2
CBP 1-4 DA,1,1,8,2014,17,18,[17],3
CBP 1-4 DA,1,1,8,2014,17,18,[17],4
CBP 1-4 DA,1,1,8,2014,17,18,[17],6
CBP 1-4 DO,4,11,8,2014,14,18,"[14, 15, 16, 17]",1
CBP 1-4 DO,4,11,8,2014,14,18,"[14, 15, 16, 17]",2
CBP 1-4 DO,4,11,8,2014,14,18,"[14, 15, 16, 17]",3
CBP 1-4 DO,4,11,8,2014,14,18,"[14, 15, 16, 17]",4
CBP 1-4 DO,4,11,8,2014,14,18,"[14, 15, 16, 17]",5
CBP 1-4 DO,4,11,8,2014,14,18,"[14, 15, 16, 17]",6
CBP 2-6 DO,5,11,8,2014,14,19,"[14, 15, 16, 17, 18]",1
CBP 2-6 DO,5,11,8,2014,14,19,"[14, 15, 16, 17, 18]",2
CBP 2-6 DO,5,11,8,2014,14,19,"[14, 15, 16, 17, 18]",3
CBP 2-6 DO,5,11,8,2014,14,19,"[14, 15, 16, 17, 18]",4
CBP 2-6 DO,5,11,8,2014,14,19,"[14, 15, 16, 17, 18]",5
CBP 2-6 DO,5,11,8,2014,14,19,"[14, 15, 16, 17, 18]",6
CBP 1-4 DO,3,14,8,2014,16,19,"[16, 17, 18]",1
CBP 1-4 DO,3,14,8,2014,16,19,"[16, 17, 18]",2
CBP 1-4 DO,3,14,8,2014,16,19,"[16, 17, 18]",3
CBP 1-4 DO,3,14,8,2014,16,19,"[16, 17, 18]",4
CBP 1-4 DO,3,14,8,2014,16,19,"[16, 17, 18]",5
CBP 1-4 DO,3,14,8,2014,16,19,"[16, 17, 18]",6
CBP 2-6 DO,3,14,8,2014,16,19,"[16, 17, 18]",1
CBP 2-6 DO,3,14,8,2014,16,19,"[16, 17, 18]",2
CBP 2-6 DO,3,14,8,2014,16,19,"[16, 17, 18]",3
CBP 2-6 DO,3,14,8,2014,16,19,"[16, 17, 18]",4
CBP 2-6 DO,3,14,8,2014,16,19,"[16, 17, 18]",5
CBP 2-6 DO,3,14,8,2014,16,19,"[16, 17, 18]",6
CBP 1-4 DO,4,28,8,2014,15,19,"[15, 16, 17, 18]",1
CBP 1-4 DO,4,28,8,2014,15,19,"[15, 16, 17, 18]",2
CBP 1-4 DO,4,28,8,2014,15,19,"[15, 16, 17, 18]",3
CBP 1-4 DO,4,28,8,2014,15,19,"[15, 16, 17, 18]",4
CBP 1-4 DO,4,28,8,2014,15,19,"[15, 16, 17, 18]",5
CBP 1-4 DO,4,28,8,2014,15,19,"[15, 16, 17, 18]",6
CBP 2-6 DO,4,28,8,2014,15,19,"[15, 16, 17, 18]",1
CBP 2-6 DO,4,28,8,2014,15,19,"[15, 16, 17, 18]",2
CBP 2-6 DO,4,28,8,2014,15,19,"[15, 16, 17, 18]",3
CBP 2-6 DO,4,28,8,2014,15,19,"[15, 16, 17, 18]",4
CBP 2-6 DO,4,28,8,2014,15,19,"[15, 16, 17, 18]",5
CBP 2-6 DO,4,28,8,2014,15,19,"[15, 16, 17, 18]",6
CBP 1-4 DO,3,10,9,2014,16,19,"[16, 17, 18]",1
CBP 1-4 DO,3,10,9,2014,16,19,"[16, 17, 18]",2
CBP 1-4 DO,3,10,9,2014,16,19,"[16, 17, 18]",3
CBP 1-4 DO,3,10,9,2014,16,19,"[16, 17, 18]",4
CBP 1-4 DO,3,10,9,2014,16,19,"[16, 17, 18]",5
CBP 1-4 DO,3,10,9,2014,16,19,"[16, 17, 18]",6
CBP 2-6 DO,3,10,9,2014,16,19,"[16, 17, 18]",1
CBP 2-6 DO,3,10,9,2014,16,19,"[16, 17, 18]",2
CBP 2-6 DO,3,10,9,2014,16,19,"[16, 17, 18]",3
CBP 2-6 DO,3,10,9,2014,16,19,"[16, 17, 18]",4
CBP 2-6 DO,3,10,9,2014,16,19,"[16, 17, 18]",5
CBP 2-6 DO,3,10,9,2014,16,19,"[16, 17, 18]",6
CBP 2-6 DO,5,11,9,2014,14,19,"[14, 15, 16, 17, 18]",1
CBP 2-6 DO,5,11,9,2014,14,19,"[14, 15, 16, 17, 18]",2
CBP 2-6 DO,5,11,9,2014,14,19,"[14, 15, 16, 17, 18]",3
CBP 2-6 DO,5,11,9,2014,14,19,"[14, 15, 16, 17, 18]",4
CBP 2-6 DO,5,11,9,2014,14,19,"[14, 15, 16, 17, 18]",5
CBP 2-6 DO,5,11,9,2014,14,19,"[14, 15, 16, 17, 18]",6
CBP 1-4 DO,4,11,9,2014,15,19,"[15, 16, 17, 18]",1
CBP 1-4 DO,4,11,9,2014,15,19,"[15, 16, 17, 18]",2
CBP 1-4 DO,4,11,9,2014,15,19,"[15, 16, 17, 18]",3
CBP 1-4 DO,4,11,9,2014,15,19,"[15, 16, 17, 18]",4
CBP 1-4 DO,4,11,9,2014,15,19,"[15, 16, 17, 18]",5
CBP 1-4 DO,4,11,9,2014,15,19,"[15, 16, 17, 18]",6
CBP 2-6 DO,6,12,9,2014,12,18,"[12, 13, 14, 15, 16, 17]",1
CBP 2-6 DO,6,12,9,2014,12,18,"[12, 13, 14, 15, 16, 17]",2
CBP 2-6 DO,6,12,9,2014,12,18,"[12, 13, 14, 15, 16, 17]",3
CBP 2-6 DO,6,12,9,2014,12,18,"[12, 13, 14, 15, 16, 17]",4
CBP 2-6 DO,6,12,9,2014,12,18,"[12, 13, 14, 15, 16, 17]",5
CBP 2-6 DO,6,12,9,2014,12,18,"[12, 13, 14, 15, 16, 17]",6
CBP 1-4 DO,4,12,9,2014,13,17,"[13, 14, 15, 16]",1
CBP 1-4 DO,4,12,9,2014,13,17,"[13, 14, 15, 16]",2
CBP 1-4 DO,4,12,9,2014,13,17,"[13, 14, 15, 16]",3
CBP 1-4 DO,4,12,9,2014,13,17,"[13, 14, 15, 16]",4
CBP 1-4 DO,4,12,9,2014,13,17,"[13, 14, 15, 16]",5
CBP 1-4 DO,4,12,9,2014,13,17,"[13, 14, 15, 16]",6
CBP 1-4 DA,4,15,9,2014,15,19,"[15, 16, 17, 18]",1
CBP 1-4 DA,4,15,9,2014,15,19,"[15, 16, 17, 18]",2
CBP 1-4 DA,4,15,9,2014,15,19,"[15, 16, 17, 18]",3
CBP 1-4 DA,4,15,9,2014,15,19,"[15, 16, 17, 18]",4
CBP 1-4 DA,4,15,9,2014,15,19,"[15, 16, 17, 18]",5
CBP 1-4 DA,4,15,9,2014,15,19,"[15, 16, 17, 18]",6
CBP 1-4 DO,4,15,9,2014,15,19,"[15, 16, 17, 18]",1
CBP 1-4 DO,4,15,9,2014,15,19,"[15, 16, 17, 18]",2
CBP 1-4 DO,4,15,9,2014,15,19,"[15, 16, 17, 18]",3
CBP 1-4 DO,4,15,9,2014,15,19,"[15, 16, 17, 18]",4
CBP 1-4 DO,4,15,9,2014,15,19,"[15, 16, 17, 18]",5
CBP 1-4 DO,4,15,9,2014,15,19,"[15, 16, 17, 18]",6
CBP 2-6 DA,4,15,9,2014,15,19,"[15, 16, 17, 18]",5
CBP 2-6 DO,4,15,9,2014,15,19,"[15, 16, 17, 18]",1
CBP 2-6 DO,4,15,9,2014,15,19,"[15, 16, 17, 18]",2
CBP 2-6 DO,4,15,9,2014,15,19,"[15, 16, 17, 18]",3
CBP 2-6 DO,4,15,9,2014,15,19,"[15, 16, 17, 18]",4
CBP 2-6 DO,4,15,9,2014,15,19,"[15, 16, 17, 18]",5
CBP 2-6 DO,4,15,9,2014,15,19,"[15, 16, 17, 18]",6
CBP 2-6 DO,5,16,9,2014,14,19,"[14, 15, 16, 17, 18]",1
CBP 2-6 DO,5,16,9,2014,14,19,"[14, 15, 16, 17, 18]",2
CBP 2-6 DO,5,16,9,2014,14,19,"[14, 15, 16, 17, 18]",3
CBP 2-6 DO,5,16,9,2014,14,19,"[14, 15, 16, 17, 18]",4
CBP 2-6 DO,5,16,9,2014,14,19,"[14, 15, 16, 17, 18]",5
CBP 2-6 DO,5,16,9,2014,14,19,"[14, 15, 16, 17, 18]",6
CBP 1-4 DA,4,16,9,2014,15,19,"[15, 16, 17, 18]",1
CBP 1-4 DA,4,16,9,2014,15,19,"[15, 16, 17, 18]",2
CBP 1-4 DA,4,16,9,2014,15,19,"[15, 16, 17, 18]",3
CBP 1-4 DA,4,16,9,2014,15,19,"[15, 16, 17, 18]",4
CBP 1-4 DA,4,16,9,2014,15,19,"[15, 16, 17, 18]",5
CBP 1-4 DA,4,16,9,2014,15,19,"[15, 16, 17, 18]",6
CBP 1-4 DO,4,16,9,2014,15,19,"[15, 16, 17, 18]",1
CBP 1-4 DO,4,16,9,2014,15,19,"[15, 16, 17, 18]",2
CBP 1-4 DO,4,16,9,2014,15,19,"[15, 16, 17, 18]",3
CBP 1-4 DO,4,16,9,2014,15,19,"[15, 16, 17, 18]",4
CBP 1-4 DO,4,16,9,2014,15,19,"[15, 16, 17, 18]",5
CBP 1-4 DO,4,16,9,2014,15,19,"[15, 16, 17, 18]",6
CBP 2-6 DA,4,16,9,2014,15,19,"[15, 16, 17, 18]",5
CBP 1-4 DA,3,17,9,2014,15,18,"[15, 16, 17]",1
CBP 1-4 DA,3,17,9,2014,15,18,"[15, 16, 17]",2
CBP 1-4 DA,3,17,9,2014,15,18,"[15, 16, 17]",3
CBP 1-4 DA,3,17,9,2014,15,18,"[15, 16, 17]",4
CBP 1-4 DA,3,17,9,2014,15,18,"[15, 16, 17]",5
CBP 1-4 DA,3,17,9,2014,15,18,"[15, 16, 17]",6
CBP 2-6 DA,3,17,9,2014,15,18,"[15, 16, 17]",5
CBP 1-4 DA,2,3,10,2014,17,19,"[17, 18]",1
CBP 1-4 DA,2,3,10,2014,17,19,"[17, 18]",2
CBP 1-4 DA,2,3,10,2014,17,19,"[17, 18]",3
CBP 1-4 DA,2,3,10,2014,17,19,"[17, 18]",4
CBP 1-4 DA,2,3,10,2014,17,19,"[17, 18]",5
CBP 1-4 DA,2,3,10,2014,17,19,"[17, 18]",6
CBP 2-6 DA,2,3,10,2014,17,19,"[17, 18]",5
CBP 2-6 DO,5,6,10,2014,14,19,"[14, 15, 16, 17, 18]",1
CBP 2-6 DO,5,6,10,2014,14,19,"[14, 15, 16, 17, 18]",2
CBP 2-6 DO,5,6,10,2014,14,19,"[14, 15, 16, 17, 18]",3
CBP 2-6 DO,5,6,10,2014,14,19,"[14, 15, 16, 17, 18]",4
CBP 2-6 DO,5,6,10,2014,14,19,"[14, 15, 16, 17, 18]",5
CBP 2-6 DO,5,6,10,2014,14,19,"[14, 15, 16, 17, 18]",6
CBP 1-4 DO,4,6,10,2014,15,19,"[15, 16, 17, 18]",1
CBP 1-4 DO,4,6,10,2014,15,19,"[15, 16, 17, 18]",2
CBP 1-4 DO,4,6,10,2014,15,19,"[15, 16, 17, 18]",3
CBP 1-4 DO,4,6,10,2014,15,19,"[15, 16, 17, 18]",4
CBP 1-4 DO,4,6,10,2014,15,19,"[15, 16, 17, 18]",5
CBP 1-4 DO,4,6,10,2014,15,19,"[15, 16, 17, 18]",6
CBP 1-4 DA,3,6,10,2014,16,19,"[16, 17, 18]",1
CBP 1-4 DA,3,6,10,2014,16,19,"[16, 17, 18]",2
CBP 1-4 DA,3,6,10,2014,16,19,"[16, 17, 18]",3
CBP 1-4 DA,3,6,10,2014,16,19,"[16, 17, 18]",4
CBP 1-4 DA,3,6,10,2014,16,19,"[16, 17, 18]",5
CBP 1-4 DA,3,6,10,2014,16,19,"[16, 17, 18]",6
CBP 2-6 DA,3,6,10,2014,16,19,"[16, 17, 18]",5
CBP 2-6 DO,5,7,10,2014,14,19,"[14, 15, 16, 17, 18]",1
CBP 2-6 DO,5,7,10,2014,14,19,"[14, 15, 16, 17, 18]",2
CBP 2-6 DO,5,7,10,2014,14,19,"[14, 15, 16, 17, 18]",3
CBP 2-6 DO,5,7,10,2014,14,19,"[14, 15, 16, 17, 18]",4
CBP 2-6 DO,5,7,10,2014,14,19,"[14, 15, 16, 17, 18]",5
CBP 2-6 DO,5,7,10,2014,14,19,"[14, 15, 16, 17, 18]",6
CBP 1-4 DO,4,7,10,2014,15,19,"[15, 16, 17, 18]",1
CBP 1-4 DO,4,7,10,2014,15,19,"[15, 16, 17, 18]",2
CBP 1-4 DO,4,7,10,2014,15,19,"[15, 16, 17, 18]",3
CBP 1-4 DO,4,7,10,2014,15,19,"[15, 16, 17, 18]",4
CBP 1-4 DO,4,7,10,2014,15,19,"[15, 16, 17, 18]",5
CBP 1-4 DO,4,7,10,2014,15,19,"[15, 16, 17, 18]",6
CBP 1-4 DA,2,13,10,2014,17,19,"[17, 18]",1
CBP 1-4 DA,2,13,10,2014,17,19,"[17, 18]",2
CBP 1-4 DA,2,13,10,2014,17,19,"[17, 18]",3
CBP 1-4 DA,2,13,10,2014,17,19,"[17, 18]",4
CBP 1-4 DA,2,13,10,2014,17,19,"[17, 18]",5
CBP 1-4 DA,2,13,10,2014,17,19,"[17, 18]",6
CBP 2-6 DA,2,13,10,2014,17,19,"[17, 18]",5
CBP 1-4 DA,1,27,10,2014,18,19,[18],1
CBP 1-4 DA,1,27,10,2014,18,19,[18],2
CBP 1-4 DA,1,27,10,2014,18,19,[18],3
CBP 1-4 DA,1,27,10,2014,18,19,[18],4
CBP 1-4 DA,1,27,10,2014,18,19,[18],5
CBP 1-4 DA,1,27,10,2014,18,19,[18],6
CBP 1-4 DA,1,29,10,2014,18,19,[18],1
CBP 1-4 DA,1,29,10,2014,18,19,[18],2
CBP 1-4 DA,1,29,10,2014,18,19,[18],3
CBP 1-4 DA,1,29,10,2014,18,19,[18],4
CBP 1-4 DA,1,29,10,2014,18,19,[18],5
CBP 1-4 DA,1,29,10,2014,18,19,[18],6
CBP 1-4 DA,1,4,11,2014,18,19,[18],1
CBP 1-4 DA,1,4,11,2014,18,19,[18],2
CBP 1-4 DA,1,4,11,2014,18,19,[18],3
CBP 1-4 DA,1,4,11,2014,18,19,[18],4
CBP 1-4 DA,1,4,11,2014,18,19,[18],5
CBP 1-4 DA,1,4,11,2014,18,19,[18],6
CBP 1-4 DA,2,5,11,2014,17,19,"[17, 18]",1
CBP 1-4 DA,2,5,11,2014,17,19,"[17, 18]",2
CBP 1-4 DA,2,5,11,2014,17,19,"[17, 18]",3
CBP 1-4 DA,2,5,11,2014,17,19,"[17, 18]",4
CBP 1-4 DA,2,5,11,2014,17,19,"[17, 18]",5
CBP 1-4 DA,2,5,11,2014,17,19,"[17, 18]",6
CBP 2-6 DA,2,5,11,2014,17,19,"[17, 18]",5
CBP 1-4 DA,3,6,11,2014,16,19,"[16, 17, 18]",1
CBP 1-4 DA,3,6,11,2014,16,19,"[16, 17, 18]",2
CBP 1-4 DA,3,6,11,2014,16,19,"[16, 17, 18]",3
CBP 1-4 DA,3,6,11,2014,16,19,"[16, 17, 18]",4
CBP 1-4 DA,3,6,11,2014,16,19,"[16, 17, 18]",5
CBP 1-4 DA,3,6,11,2014,16,19,"[16, 17, 18]",6
CBP 2-6 DA,3,6,11,2014,16,19,"[16, 17, 18]",5
CBP 1-4 DO,2,6,11,2014,17,19,"[17, 18]",1
CBP 1-4 DO,2,6,11,2014,17,19,"[17, 18]",2
CBP 1-4 DO,2,6,11,2014,17,19,"[17, 18]",3
CBP 1-4 DO,2,6,11,2014,17,19,"[17, 18]",4
CBP 1-4 DO,2,6,11,2014,17,19,"[17, 18]",5
CBP 1-4 DO,2,6,11,2014,17,19,"[17, 18]",6
CBP 1-4 DA,2,7,11,2014,17,19,"[17, 18]",1
CBP 1-4 DA,2,7,11,2014,17,19,"[17, 18]",2
CBP 1-4 DA,2,7,11,2014,17,19,"[17, 18]",3
CBP 1-4 DA,2,7,11,2014,17,19,"[17, 18]",4
CBP 1-4 DA,2,7,11,2014,17,19,"[17, 18]",5
CBP 1-4 DA,2,7,11,2014,17,19,"[17, 18]",6
CBP 2-6 DA,2,7,11,2014,17,19,"[17, 18]",5
CBP 1-4 DA,2,10,11,2014,17,19,"[17, 18]",1
CBP 1-4 DA,2,10,11,2014,17,19,"[17, 18]",2
CBP 1-4 DA,2,10,11,2014,17,19,"[17, 18]",3
CBP 1-4 DA,2,10,11,2014,17,19,"[17, 18]",4
CBP 1-4 DA,2,10,11,2014,17,19,"[17, 18]",5
CBP 1-4 DA,2,10,11,2014,17,19,"[17, 18]",6
CBP 2-6 DA,2,10,11,2014,17,19,"[17, 18]",5
CBP 1-4 DA,2,13,11,2014,17,19,"[17, 18]",1
CBP 1-4 DA,2,13,11,2014,17,19,"[17, 18]",2
CBP 1-4 DA,2,13,11,2014,17,19,"[17, 18]",3
CBP 1-4 DA,2,13,11,2014,17,19,"[17, 18]",4
CBP 1-4 DA,2,13,11,2014,17,19,"[17, 18]",5
CBP 1-4 DA,2,13,11,2014,17,19,"[17, 18]",6
CBP 2-6 DA,2,13,11,2014,17,19,"[17, 18]",5
CBP 1-4 DA,1,20,11,2014,17,18,[17],1
CBP 1-4 DA,1,20,11,2014,17,18,[17],2
CBP 1-4 DA,1,20,11,2014,17,18,[17],3
CBP 1-4 DA,1,20,11,2014,17,18,[17],4
CBP 1-4 DA,1,20,11,2014,17,18,[17],5
CBP 1-4 DA,1,20,11,2014,17,18,[17],6
CBP 1-4 DA,1,2,12,2014,17,18,[17],1
CBP 1-4 DA,1,2,12,2014,17,18,[17],2
CBP 1-4 DA,1,2,12,2014,17,18,[17],3
CBP 1-4 DA,1,2,12,2014,17,18,[17],4
CBP 1-4 DA,1,2,12,2014,17,18,[17],5
CBP 1-4 DA,1,2,12,2014,17,18,[17],6
CBP 1-4 DA,1,3,12,2014,17,18,[17],1
CBP 1-4 DA,1,3,12,2014,17,18,[17],2
CBP 1-4 DA,1,3,12,2014,17,18,[17],3
CBP 1-4 DA,1,3,12,2014,17,18,[17],4
CBP 1-4 DA,1,3,12,2014,17,18,[17],5
CBP 1-4 DA,1,3,12,2014,17,18,[17],6
CBP 1-4 DA,1,5,12,2014,17,18,[17],1
CBP 1-4 DA,1,5,12,2014,17,18,[17],2
CBP 1-4 DA,1,5,12,2014,17,18,[17],3
CBP 1-4 DA,1,5,12,2014,17,18,[17],4
CBP 1-4 DA,1,5,12,2014,17,18,[17],5
CBP 1-4 DA,1,5,12,2014,17,18,[17],6
CBP 1-4 DA,1,8,12,2014,17,18,[17],1
CBP 1-4 DA,1,8,12,2014,17,18,[17],2
CBP 1-4 DA,1,8,12,2014,17,18,[17],3
CBP 1-4 DA,1,8,12,2014,17,18,[17],4
CBP 1-4 DA,1,8,12,2014,17,18,[17],5
CBP 1-4 DA,1,8,12,2014,17,18,[17],6
CBP 1-4 DA,1,29,12,2014,17,18,[17],1
CBP 1-4 DA,1,29,12,2014,17,18,[17],2
CBP 1-4 DA,1,29,12,2014,17,18,[17],3
CBP 1-4 DA,1,29,12,2014,17,18,[17],4
CBP 1-4 DA,1,29,12,2014,17,18,[17],5
CBP 1-4 DA,1,29,12,2014,17,18,[17],6
CBP 1-4 DA,1,14,1,2015,17,18,[17],1
CBP 1-4 DA,1,14,1,2015,17,18,[17],2
CBP 1-4 DA,1,14,1,2015,17,18,[17],3
CBP 1-4 DA,1,14,1,2015,17,18,[17],4
CBP 1-4 DA,1,14,1,2015,17,18,[17],5
CBP 1-4 DA,1,14,1,2015,17,18,[17],6
CBP 1-4 DA,1,29,1,2015,17,18,[17],1
CBP 1-4 DA,1,29,1,2015,17,18,[17],2
CBP 1-4 DA,1,29,1,2015,17,18,[17],3
CBP 1-4 DA,1,29,1,2015,17,18,[17],4
CBP 1-4 DA,1,29,1,2015,17,18,[17],5
CBP 1-4 DA,1,29,1,2015,17,18,[17],6
CBP 1-4 DA,2,30,1,2015,17,19,"[17, 18]",1
CBP 1-4 DA,2,30,1,2015,17,19,"[17, 18]",2
CBP 1-4 DA,2,30,1,2015,17,19,"[17, 18]",3
CBP 1-4 DA,2,30,1,2015,17,19,"[17, 18]",4
CBP 1-4 DA,2,30,1,2015,17,19,"[17, 18]",5
CBP 1-4 DA,2,30,1,2015,17,19,"[17, 18]",6
CBP 2-6 DA,2,30,1,2015,17,19,"[17, 18]",1
CBP 2-6 DA,2,30,1,2015,17,19,"[17, 18]",5
CBP 1-4 DA,2,2,2,2015,17,19,"[17, 18]",1
CBP 1-4 DA,2,2,2,2015,17,19,"[17, 18]",2
CBP 1-4 DA,2,2,2,2015,17,19,"[17, 18]",3
CBP 1-4 DA,2,2,2,2015,17,19,"[17, 18]",4
CBP 1-4 DA,2,2,2,2015,17,19,"[17, 18]",5
CBP 1-4 DA,2,2,2,2015,17,19,"[17, 18]",6
CBP 2-6 DA,2,2,2,2015,17,19,"[17, 18]",1
CBP 2-6 DA,2,2,2,2015,17,19,"[17, 18]",5
CBP 1-4 DA,2,3,2,2015,17,19,"[17, 18]",1
CBP 1-4 DA,2,3,2,2015,17,19,"[17, 18]",2
CBP 1-4 DA,2,3,2,2015,17,19,"[17, 18]",3
CBP 1-4 DA,2,3,2,2015,17,19,"[17, 18]",4
CBP 1-4 DA,2,3,2,2015,17,19,"[17, 18]",5
CBP 1-4 DA,2,3,2,2015,17,19,"[17, 18]",6
CBP 2-6 DA,2,3,2,2015,17,19,"[17, 18]",1
CBP 2-6 DA,2,3,2,2015,17,19,"[17, 18]",5
CBP 1-4 DA,1,4,2,2015,18,19,[18],1
CBP 1-4 DA,1,4,2,2015,18,19,[18],2
CBP 1-4 DA,1,4,2,2015,18,19,[18],3
CBP 1-4 DA,1,4,2,2015,18,19,[18],4
CBP 1-4 DA,1,4,2,2015,18,19,[18],5
CBP 1-4 DA,1,4,2,2015,18,19,[18],6
CBP 1-4 DA,1,5,2,2015,18,19,[18],1
CBP 1-4 DA,1,5,2,2015,18,19,[18],2
CBP 1-4 DA,1,5,2,2015,18,19,[18],3
CBP 1-4 DA,1,5,2,2015,18,19,[18],4
CBP 1-4 DA,1,5,2,2015,18,19,[18],5
CBP 1-4 DA,1,5,2,2015,18,19,[18],6
CBP 1-4 DA,2,9,2,2015,17,19,"[17, 18]",1
CBP 1-4 DA,2,9,2,2015,17,19,"[17, 18]",2
CBP 1-4 DA,2,9,2,2015,17,19,"[17, 18]",3
CBP 1-4 DA,2,9,2,2015,17,19,"[17, 18]",4
CBP 1-4 DA,2,9,2,2015,17,19,"[17, 18]",5
CBP 1-4 DA,2,9,2,2015,17,19,"[17, 18]",6
CBP 2-6 DA,2,9,2,2015,17,19,"[17, 18]",1
CBP 2-6 DA,2,9,2,2015,17,19,"[17, 18]",5
CBP 1-4 DA,1,10,2,2015,18,19,[18],1
CBP 1-4 DA,1,10,2,2015,18,19,[18],2
CBP 1-4 DA,1,10,2,2015,18,19,[18],3
CBP 1-4 DA,1,10,2,2015,18,19,[18],4
CBP 1-4 DA,1,10,2,2015,18,19,[18],5
CBP 1-4 DA,1,10,2,2015,18,19,[18],6
CBP 1-4 DA,1,11,2,2015,18,19,[18],1
CBP 1-4 DA,1,11,2,2015,18,19,[18],2
CBP 1-4 DA,1,11,2,2015,18,19,[18],3
CBP 1-4 DA,1,11,2,2015,18,19,[18],4
CBP 1-4 DA,1,11,2,2015,18,19,[18],5
CBP 1-4 DA,1,11,2,2015,18,19,[18],6
CBP 1-4 DA,1,17,2,2015,18,19,[18],1
CBP 1-4 DA,1,17,2,2015,18,19,[18],2
CBP 1-4 DA,1,17,2,2015,18,19,[18],3
CBP 1-4 DA,1,17,2,2015,18,19,[18],4
CBP 1-4 DA,1,17,2,2015,18,19,[18],5
CBP 1-4 DA,1,17,2,2015,18,19,[18],6
CBP 1-4 DA,1,18,2,2015,18,19,[18],1
CBP 1-4 DA,1,18,2,2015,18,19,[18],2
CBP 1-4 DA,1,18,2,2015,18,19,[18],3
CBP 1-4 DA,1,18,2,2015,18,19,[18],4
CBP 1-4 DA,1,18,2,2015,18,19,[18],5
CBP 1-4 DA,1,18,2,2015,18,19,[18],6
CBP 1-4 DO,4,8,6,2015,14,18,"[14, 15, 16, 17]",1
CBP 1-4 DO,4,8,6,2015,14,18,"[14, 15, 16, 17]",2
CBP 1-4 DO,4,8,6,2015,14,18,"[14, 15, 16, 17]",3
CBP 1-4 DO,4,8,6,2015,14,18,"[14, 15, 16, 17]",4
CBP 1-4 DO,4,8,6,2015,14,18,"[14, 15, 16, 17]",5
CBP 1-4 DO,4,8,6,2015,14,18,"[14, 15, 16, 17]",6
CBP 2-6 DO,5,8,6,2015,14,19,"[14, 15, 16, 17, 18]",1
CBP 2-6 DO,5,8,6,2015,14,19,"[14, 15, 16, 17, 18]",2
CBP 2-6 DO,5,8,6,2015,14,19,"[14, 15, 16, 17, 18]",3
CBP 2-6 DO,5,8,6,2015,14,19,"[14, 15, 16, 17, 18]",4
CBP 2-6 DO,5,8,6,2015,14,19,"[14, 15, 16, 17, 18]",5
CBP 2-6 DO,5,8,6,2015,14,19,"[14, 15, 16, 17, 18]",6
CBP 2-6 DO,6,9,6,2015,13,19,"[13, 14, 15, 16, 17, 18]",1
CBP 2-6 DO,6,9,6,2015,13,19,"[13, 14, 15, 16, 17, 18]",2
CBP 2-6 DO,6,9,6,2015,13,19,"[13, 14, 15, 16, 17, 18]",3
CBP 2-6 DO,6,9,6,2015,13,19,"[13, 14, 15, 16, 17, 18]",4
CBP 2-6 DO,6,9,6,2015,13,19,"[13, 14, 15, 16, 17, 18]",5
CBP 2-6 DO,6,9,6,2015,13,19,"[13, 14, 15, 16, 17, 18]",6
CBP 1-4 DO,4,9,6,2015,14,18,"[14, 15, 16, 17]",1
CBP 1-4 DO,4,9,6,2015,14,18,"[14, 15, 16, 17]",2
CBP 1-4 DO,4,9,6,2015,14,18,"[14, 15, 16, 17]",3
CBP 1-4 DO,4,9,6,2015,14,18,"[14, 15, 16, 17]",4
CBP 1-4 DO,4,9,6,2015,14,18,"[14, 15, 16, 17]",5
CBP 1-4 DO,4,9,6,2015,14,18,"[14, 15, 16, 17]",6
CBP 1-4 DO,3,18,6,2015,16,19,"[16, 17, 18]",4
CBP 2-6 DO,3,18,6,2015,16,19,"[16, 17, 18]",4
CBP 2-6 DO,5,25,6,2015,14,19,"[14, 15, 16, 17, 18]",1
CBP 2-6 DO,5,25,6,2015,14,19,"[14, 15, 16, 17, 18]",2
CBP 2-6 DO,5,25,6,2015,14,19,"[14, 15, 16, 17, 18]",3
CBP 2-6 DO,5,25,6,2015,14,19,"[14, 15, 16, 17, 18]",4
CBP 2-6 DO,5,25,6,2015,14,19,"[14, 15, 16, 17, 18]",5
CBP 2-6 DO,5,25,6,2015,14,19,"[14, 15, 16, 17, 18]",6
CBP 1-4 DO,4,25,6,2015,15,19,"[15, 16, 17, 18]",1
CBP 1-4 DO,4,25,6,2015,15,19,"[15, 16, 17, 18]",2
CBP 1-4 DO,4,25,6,2015,15,19,"[15, 16, 17, 18]",3
CBP 1-4 DO,4,25,6,2015,15,19,"[15, 16, 17, 18]",4
CBP 1-4 DO,4,25,6,2015,15,19,"[15, 16, 17, 18]",5
CBP 1-4 DO,4,25,6,2015,15,19,"[15, 16, 17, 18]",6
CBP 1-4 DA,3,26,6,2015,16,19,"[16, 17, 18]",1
CBP 1-4 DA,3,26,6,2015,16,19,"[16, 17, 18]",2
CBP 1-4 DA,3,26,6,2015,16,19,"[16, 17, 18]",3
CBP 1-4 DA,3,26,6,2015,16,19,"[16, 17, 18]",4
CBP 1-4 DA,3,26,6,2015,16,19,"[16, 17, 18]",5
CBP 1-4 DA,3,26,6,2015,16,19,"[16, 17, 18]",6
CBP 1-4 DO,3,26,6,2015,16,19,"[16, 17, 18]",1
CBP 1-4 DO,3,26,6,2015,16,19,"[16, 17, 18]",2
CBP 1-4 DO,3,26,6,2015,16,19,"[16, 17, 18]",3
CBP 1-4 DO,3,26,6,2015,16,19,"[16, 17, 18]",4
CBP 1-4 DO,3,26,6,2015,16,19,"[16, 17, 18]",5
CBP 1-4 DO,3,26,6,2015,16,19,"[16, 17, 18]",6
CBP 2-6 DO,3,26,6,2015,16,19,"[16, 17, 18]",1
CBP 2-6 DO,3,26,6,2015,16,19,"[16, 17, 18]",2
CBP 2-6 DO,3,26,6,2015,16,19,"[16, 17, 18]",3
CBP 2-6 DO,3,26,6,2015,16,19,"[16, 17, 18]",4
CBP 2-6 DO,3,26,6,2015,16,19,"[16, 17, 18]",5
CBP 2-6 DO,3,26,6,2015,16,19,"[16, 17, 18]",6
CBP 2-6 DO,3,29,6,2015,16,19,"[16, 17, 18]",1
CBP 2-6 DO,3,29,6,2015,16,19,"[16, 17, 18]",2
CBP 2-6 DO,3,29,6,2015,16,19,"[16, 17, 18]",3
CBP 2-6 DO,3,29,6,2015,16,19,"[16, 17, 18]",4
CBP 2-6 DO,3,29,6,2015,16,19,"[16, 17, 18]",5
CBP 2-6 DO,3,29,6,2015,16,19,"[16, 17, 18]",6
CBP 1-4 DA,1,29,6,2015,18,19,[18],1
CBP 1-4 DA,1,29,6,2015,18,19,[18],2
CBP 1-4 DA,1,29,6,2015,18,19,[18],3
CBP 1-4 DA,1,29,6,2015,18,19,[18],4
CBP 1-4 DA,1,29,6,2015,18,19,[18],5
CBP 1-4 DA,1,29,6,2015,18,19,[18],6
CBP 1-4 DO,1,29,6,2015,18,19,[18],1
CBP 1-4 DO,1,29,6,2015,18,19,[18],2
CBP 1-4 DO,1,29,6,2015,18,19,[18],3
CBP 1-4 DO,1,29,6,2015,18,19,[18],4
CBP 1-4 DO,1,29,6,2015,18,19,[18],5
CBP 1-4 DO,1,29,6,2015,18,19,[18],6
CBP 1-4 DA,4,30,6,2015,15,19,"[15, 16, 17, 18]",1
CBP 1-4 DA,4,30,6,2015,15,19,"[15, 16, 17, 18]",2
CBP 1-4 DA,4,30,6,2015,15,19,"[15, 16, 17, 18]",3
CBP 1-4 DA,4,30,6,2015,15,19,"[15, 16, 17, 18]",4
CBP 1-4 DA,4,30,6,2015,15,19,"[15, 16, 17, 18]",5
CBP 1-4 DA,4,30,6,2015,15,19,"[15, 16, 17, 18]",6
CBP 1-4 DO,4,30,6,2015,15,19,"[15, 16, 17, 18]",1
CBP 1-4 DO,4,30,6,2015,15,19,"[15, 16, 17, 18]",2
CBP 1-4 DO,4,30,6,2015,15,19,"[15, 16, 17, 18]",3
CBP 1-4 DO,4,30,6,2015,15,19,"[15, 16, 17, 18]",4
CBP 1-4 DO,4,30,6,2015,15,19,"[15, 16, 17, 18]",5
CBP 1-4 DO,4,30,6,2015,15,19,"[15, 16, 17, 18]",6
CBP 2-6 DO,4,30,6,2015,15,19,"[15, 16, 17, 18]",1
CBP 2-6 DO,4,30,6,2015,15,19,"[15, 16, 17, 18]",2
CBP 2-6 DO,4,30,6,2015,15,19,"[15, 16, 17, 18]",3
CBP 2-6 DO,4,30,6,2015,15,19,"[15, 16, 17, 18]",4
CBP 2-6 DO,4,30,6,2015,15,19,"[15, 16, 17, 18]",5
CBP 2-6 DO,4,30,6,2015,15,19,"[15, 16, 17, 18]",6
CBP 2-6 DO,6,1,7,2015,13,19,"[13, 14, 15, 16, 17, 18]",1
CBP 2-6 DO,6,1,7,2015,13,19,"[13, 14, 15, 16, 17, 18]",2
CBP 2-6 DO,6,1,7,2015,13,19,"[13, 14, 15, 16, 17, 18]",3
CBP 2-6 DO,6,1,7,2015,13,19,"[13, 14, 15, 16, 17, 18]",4
CBP 2-6 DO,6,1,7,2015,13,19,"[13, 14, 15, 16, 17, 18]",5
CBP 2-6 DO,6,1,7,2015,13,19,"[13, 14, 15, 16, 17, 18]",6
CBP 1-4 DA,4,1,7,2015,15,19,"[15, 16, 17, 18]",1
CBP 1-4 DA,4,1,7,2015,15,19,"[15, 16, 17, 18]",2
CBP 1-4 DA,4,1,7,2015,15,19,"[15, 16, 17, 18]",3
CBP 1-4 DA,4,1,7,2015,15,19,"[15, 16, 17, 18]",4
CBP 1-4 DA,4,1,7,2015,15,19,"[15, 16, 17, 18]",5
CBP 1-4 DA,4,1,7,2015,15,19,"[15, 16, 17, 18]",6
CBP 1-4 DO,4,1,7,2015,15,19,"[15, 16, 17, 18]",1
CBP 1-4 DO,4,1,7,2015,15,19,"[15, 16, 17, 18]",2
CBP 1-4 DO,4,1,7,2015,15,19,"[15, 16, 17, 18]",3
CBP 1-4 DO,4,1,7,2015,15,19,"[15, 16, 17, 18]",4
CBP 1-4 DO,4,1,7,2015,15,19,"[15, 16, 17, 18]",5
CBP 1-4 DO,4,1,7,2015,15,19,"[15, 16, 17, 18]",6
CBP 1-4 DA,2,2,7,2015,16,18,"[16, 17]",1
CBP 1-4 DA,2,2,7,2015,16,18,"[16, 17]",2
CBP 1-4 DA,2,2,7,2015,16,18,"[16, 17]",3
CBP 1-4 DA,2,2,7,2015,16,18,"[16, 17]",4
CBP 1-4 DA,2,2,7,2015,16,18,"[16, 17]",5
CBP 1-4 DA,2,2,7,2015,16,18,"[16, 17]",6
CBP 1-4 DO,2,2,7,2015,16,18,"[16, 17]",1
CBP 1-4 DO,2,2,7,2015,16,18,"[16, 17]",2
CBP 1-4 DO,2,2,7,2015,16,18,"[16, 17]",3
CBP 1-4 DO,2,2,7,2015,16,18,"[16, 17]",4
CBP 1-4 DO,2,2,7,2015,16,18,"[16, 17]",5
CBP 1-4 DO,2,2,7,2015,16,18,"[16, 17]",6
CBP 2-6 DO,2,2,7,2015,16,18,"[16, 17]",1
CBP 2-6 DO,2,2,7,2015,16,18,"[16, 17]",2
CBP 2-6 DO,2,2,7,2015,16,18,"[16, 17]",3
CBP 2-6 DO,2,2,7,2015,16,18,"[16, 17]",4
CBP 2-6 DO,2,2,7,2015,16,18,"[16, 17]",5
CBP 2-6 DO,2,2,7,2015,16,18,"[16, 17]",6
CBP 1-4 DA,1,22,7,2015,15,16,[15],5
CBP 1-4 DO,1,22,7,2015,15,16,[15],5
CBP 1-4 DA,3,28,7,2015,16,19,"[16, 17, 18]",6
CBP 1-4 DO,3,28,7,2015,16,19,"[16, 17, 18]",6
CBP 2-6 DO,3,28,7,2015,16,19,"[16, 17, 18]",6
CBP 1-4 DA,1,28,7,2015,17,18,[17],4
CBP 1-4 DO,1,28,7,2015,17,18,[17],4
CBP 1-4 DA,2,28,7,2015,17,19,"[17, 18]",1
CBP 1-4 DA,2,28,7,2015,17,19,"[17, 18]",2
CBP 1-4 DA,2,28,7,2015,17,19,"[17, 18]",3
CBP 1-4 DA,2,28,7,2015,17,19,"[17, 18]",5
CBP 1-4 DO,2,28,7,2015,17,19,"[17, 18]",1
CBP 1-4 DO,2,28,7,2015,17,19,"[17, 18]",2
CBP 1-4 DO,2,28,7,2015,17,19,"[17, 18]",3
CBP 1-4 DO,2,28,7,2015,17,19,"[17, 18]",5
CBP 2-6 DO,2,28,7,2015,17,19,"[17, 18]",1
CBP 2-6 DO,2,28,7,2015,17,19,"[17, 18]",2
CBP 2-6 DO,2,28,7,2015,17,19,"[17, 18]",3
CBP 2-6 DO,2,28,7,2015,17,19,"[17, 18]",5
CBP 1-4 DA,4,29,7,2015,15,19,"[15, 16, 17, 18]",1
CBP 1-4 DA,4,29,7,2015,15,19,"[15, 16, 17, 18]",2
CBP 1-4 DA,4,29,7,2015,15,19,"[15, 16, 17, 18]",3
CBP 1-4 DA,4,29,7,2015,15,19,"[15, 16, 17, 18]",4
CBP 1-4 DA,4,29,7,2015,15,19,"[15, 16, 17, 18]",5
CBP 1-4 DA,4,29,7,2015,15,19,"[15, 16, 17, 18]",6
CBP 1-4 DO,3,29,7,2015,16,19,"[16, 17, 18]",1
CBP 1-4 DO,3,29,7,2015,16,19,"[16, 17, 18]",2
CBP 1-4 DO,3,29,7,2015,16,19,"[16, 17, 18]",3
CBP 1-4 DO,3,29,7,2015,16,19,"[16, 17, 18]",4
CBP 1-4 DO,3,29,7,2015,16,19,"[16, 17, 18]",5
CBP 1-4 DO,3,29,7,2015,16,19,"[16, 17, 18]",6
CBP 2-6 DO,3,29,7,2015,16,19,"[16, 17, 18]",1
CBP 2-6 DO,3,29,7,2015,16,19,"[16, 17, 18]",2
CBP 2-6 DO,3,29,7,2015,16,19,"[16, 17, 18]",3
CBP 2-6 DO,3,29,7,2015,16,19,"[16, 17, 18]",4
CBP 2-6 DO,3,29,7,2015,16,19,"[16, 17, 18]",5
CBP 2-6 DO,3,29,7,2015,16,19,"[16, 17, 18]",6
CBP 1-4 DA,2,30,7,2015,16,18,"[16, 17]",1
CBP 1-4 DA,2,30,7,2015,16,18,"[16, 17]",2
CBP 1-4 DA,2,30,7,2015,16,18,"[16, 17]",3
CBP 1-4 DA,2,30,7,2015,16,18,"[16, 17]",4
CBP 1-4 DA,2,30,7,2015,16,18,"[16, 17]",5
CBP 1-4 DA,2,30,7,2015,16,18,"[16, 17]",6
CBP 1-4 DO,2,30,7,2015,16,18,"[16, 17]",1
CBP 1-4 DO,2,30,7,2015,16,18,"[16, 17]",2
CBP 1-4 DO,2,30,7,2015,16,18,"[16, 17]",3
CBP 1-4 DO,2,30,7,2015,16,18,"[16, 17]",4
CBP 1-4 DO,2,30,7,2015,16,18,"[16, 17]",5
CBP 1-4 DO,2,30,7,2015,16,18,"[16, 17]",6
CBP 2-6 DO,2,30,7,2015,16,18,"[16, 17]",1
CBP 2-6 DO,2,30,7,2015,16,18,"[16, 17]",2
CBP 2-6 DO,2,30,7,2015,16,18,"[16, 17]",3
CBP 2-6 DO,2,30,7,2015,16,18,"[16, 17]",4
CBP 2-6 DO,2,30,7,2015,16,18,"[16, 17]",5
CBP 2-6 DO,2,30,7,2015,16,18,"[16, 17]",6
CBP 1-4 DA,1,31,7,2015,16,17,[16],1
CBP 1-4 DA,1,31,7,2015,16,17,[16],2
CBP 1-4 DA,1,31,7,2015,16,17,[16],3
CBP 1-4 DA,1,31,7,2015,16,17,[16],4
CBP 1-4 DA,1,31,7,2015,16,17,[16],5
CBP 1-4 DA,1,31,7,2015,16,17,[16],6
CBP 1-4 DO,1,31,7,2015,16,17,[16],1
CBP 1-4 DO,1,31,7,2015,16,17,[16],2
CBP 1-4 DO,1,31,7,2015,16,17,[16],3
CBP 1-4 DO,1,31,7,2015,16,17,[16],4
CBP 1-4 DO,1,31,7,2015,16,17,[16],5
CBP 1-4 DO,1,31,7,2015,16,17,[16],6
CBP 1-4 DA,1,3,8,2015,16,17,[16],1
CBP 1-4 DA,1,3,8,2015,16,17,[16],2
CBP 1-4 DA,1,3,8,2015,16,17,[16],3
CBP 1-4 DA,1,3,8,2015,16,17,[16],4
CBP 1-4 DA,1,3,8,2015,16,17,[16],5
CBP 1-4 DA,1,3,8,2015,16,17,[16],6
CBP 1-4 DA,1,6,8,2015,16,17,[16],2
CBP 1-4 DA,1,6,8,2015,16,17,[16],3
CBP 1-4 DA,1,6,8,2015,16,17,[16],4
CBP 1-4 DO,1,6,8,2015,16,17,[16],2
CBP 1-4 DO,1,6,8,2015,16,17,[16],3
CBP 1-4 DO,1,6,8,2015,16,17,[16],4
CBP 1-4 DA,2,6,8,2015,16,18,"[16, 17]",1
CBP 1-4 DA,2,6,8,2015,16,18,"[16, 17]",5
CBP 1-4 DA,2,6,8,2015,16,18,"[16, 17]",6
CBP 1-4 DO,2,6,8,2015,16,18,"[16, 17]",1
CBP 1-4 DO,2,6,8,2015,16,18,"[16, 17]",5
CBP 1-4 DO,2,6,8,2015,16,18,"[16, 17]",6
CBP 2-6 DA,2,6,8,2015,16,18,"[16, 17]",1
CBP 2-6 DO,2,6,8,2015,16,18,"[16, 17]",1
CBP 2-6 DO,2,6,8,2015,16,18,"[16, 17]",5
CBP 2-6 DO,2,6,8,2015,16,18,"[16, 17]",6
CBP 1-4 DA,2,13,8,2015,17,19,"[17, 18]",1
CBP 1-4 DA,2,13,8,2015,17,19,"[17, 18]",2
CBP 1-4 DA,2,13,8,2015,17,19,"[17, 18]",3
CBP 1-4 DA,2,13,8,2015,17,19,"[17, 18]",4
CBP 1-4 DA,2,13,8,2015,17,19,"[17, 18]",5
CBP 1-4 DA,2,13,8,2015,17,19,"[17, 18]",6
CBP 1-4 DO,2,13,8,2015,17,19,"[17, 18]",1
CBP 1-4 DO,2,13,8,2015,17,19,"[17, 18]",2
CBP 1-4 DO,2,13,8,2015,17,19,"[17, 18]",3
CBP 1-4 DO,2,13,8,2015,17,19,"[17, 18]",4
CBP 1-4 DO,2,13,8,2015,17,19,"[17, 18]",5
CBP 1-4 DO,2,13,8,2015,17,19,"[17, 18]",6
CBP 2-6 DA,2,13,8,2015,17,19,"[17, 18]",1
CBP 2-6 DO,2,13,8,2015,17,19,"[17, 18]",1
CBP 2-6 DO,2,13,8,2015,17,19,"[17, 18]",2
CBP 2-6 DO,2,13,8,2015,17,19,"[17, 18]",3
CBP 2-6 DO,2,13,8,2015,17,19,"[17, 18]",4
CBP 2-6 DO,2,13,8,2015,17,19,"[17, 18]",5
CBP 2-6 DO,2,13,8,2015,17,19,"[17, 18]",6
CBP 1-4 DA,1,14,8,2015,16,17,[16],3
CBP 1-4 DO,1,14,8,2015,16,17,[16],3
CBP 1-4 DA,2,14,8,2015,16,18,"[16, 17]",6
CBP 1-4 DO,2,14,8,2015,16,18,"[16, 17]",6
CBP 2-6 DO,2,14,8,2015,16,18,"[16, 17]",6
CBP 1-4 DA,1,14,8,2015,17,18,[17],4
CBP 1-4 DO,1,14,8,2015,17,18,[17],4
CBP 1-4 DA,1,17,8,2015,16,17,[16],6
CBP 1-4 DA,2,17,8,2015,16,18,"[16, 17]",1
CBP 1-4 DA,2,17,8,2015,16,18,"[16, 17]",2
CBP 1-4 DA,2,17,8,2015,16,18,"[16, 17]",3
CBP 1-4 DA,2,17,8,2015,16,18,"[16, 17]",4
CBP 1-4 DA,2,17,8,2015,16,18,"[16, 17]",5
CBP 1-4 DO,2,17,8,2015,16,18,"[16, 17]",1
CBP 1-4 DO,2,17,8,2015,16,18,"[16, 17]",2
CBP 1-4 DO,2,17,8,2015,16,18,"[16, 17]",3
CBP 1-4 DO,2,17,8,2015,16,18,"[16, 17]",4
CBP 1-4 DO,2,17,8,2015,16,18,"[16, 17]",5
CBP 1-4 DO,2,17,8,2015,16,18,"[16, 17]",6
CBP 2-6 DA,2,17,8,2015,16,18,"[16, 17]",1
CBP 2-6 DO,2,17,8,2015,16,18,"[16, 17]",1
CBP 2-6 DO,2,17,8,2015,16,18,"[16, 17]",2
CBP 2-6 DO,2,17,8,2015,16,18,"[16, 17]",3
CBP 2-6 DO,2,17,8,2015,16,18,"[16, 17]",4
CBP 2-6 DO,2,17,8,2015,16,18,"[16, 17]",5
CBP 2-6 DO,2,17,8,2015,16,18,"[16, 17]",6
CBP 1-4 DA,4,26,8,2015,15,19,"[15, 16, 17, 18]",6
CBP 1-4 DO,4,26,8,2015,15,19,"[15, 16, 17, 18]",6
CBP 2-6 DO,4,26,8,2015,15,19,"[15, 16, 17, 18]",6
CBP 1-4 DA,3,26,8,2015,16,19,"[16, 17, 18]",1
CBP 1-4 DA,3,26,8,2015,16,19,"[16, 17, 18]",2
CBP 1-4 DA,3,26,8,2015,16,19,"[16, 17, 18]",3
CBP 1-4 DA,3,26,8,2015,16,19,"[16, 17, 18]",4
CBP 1-4 DA,3,26,8,2015,16,19,"[16, 17, 18]",5
CBP 1-4 DO,3,26,8,2015,16,19,"[16, 17, 18]",1
CBP 1-4 DO,3,26,8,2015,16,19,"[16, 17, 18]",2
CBP 1-4 DO,3,26,8,2015,16,19,"[16, 17, 18]",3
CBP 1-4 DO,3,26,8,2015,16,19,"[16, 17, 18]",4
CBP 1-4 DO,3,26,8,2015,16,19,"[16, 17, 18]",5
CBP 2-6 DA,3,26,8,2015,16,19,"[16, 17, 18]",1
CBP 2-6 DO,3,26,8,2015,16,19,"[16, 17, 18]",1
CBP 2-6 DO,3,26,8,2015,16,19,"[16, 17, 18]",2
CBP 2-6 DO,3,26,8,2015,16,19,"[16, 17, 18]",3
CBP 2-6 DO,3,26,8,2015,16,19,"[16, 17, 18]",4
CBP 2-6 DO,3,26,8,2015,16,19,"[16, 17, 18]",5
CBP 1-4 DA,2,27,8,2015,17,19,"[17, 18]",4
CBP 1-4 DA,2,27,8,2015,17,19,"[17, 18]",6
CBP 1-4 DO,2,27,8,2015,17,19,"[17, 18]",4
CBP 1-4 DO,2,27,8,2015,17,19,"[17, 18]",6
CBP 2-6 DO,2,27,8,2015,17,19,"[17, 18]",4
CBP 2-6 DO,2,27,8,2015,17,19,"[17, 18]",6
CBP 1-4 DA,1,27,8,2015,18,19,[18],1
CBP 1-4 DA,1,27,8,2015,18,19,[18],2
CBP 1-4 DA,1,27,8,2015,18,19,[18],3
CBP 1-4 DA,1,27,8,2015,18,19,[18],5
CBP 1-4 DO,1,27,8,2015,18,19,[18],1
CBP 1-4 DO,1,27,8,2015,18,19,[18],2
CBP 1-4 DO,1,27,8,2015,18,19,[18],3
CBP 1-4 DO,1,27,8,2015,18,19,[18],5
CBP 1-4 DA,3,28,8,2015,16,19,"[16, 17, 18]",1
CBP 1-4 DA,3,28,8,2015,16,19,"[16, 17, 18]",4
CBP 1-4 DA,3,28,8,2015,16,19,"[16, 17, 18]",6
CBP 1-4 DO,3,28,8,2015,16,19,"[16, 17, 18]",1
CBP 1-4 DO,3,28,8,2015,16,19,"[16, 17, 18]",4
CBP 1-4 DO,3,28,8,2015,16,19,"[16, 17, 18]",6
CBP 2-6 DA,3,28,8,2015,16,19,"[16, 17, 18]",1
CBP 2-6 DO,3,28,8,2015,16,19,"[16, 17, 18]",1
CBP 2-6 DO,3,28,8,2015,16,19,"[16, 17, 18]",4
CBP 2-6 DO,3,28,8,2015,16,19,"[16, 17, 18]",6
CBP 1-4 DA,2,28,8,2015,17,19,"[17, 18]",3
CBP 1-4 DA,2,28,8,2015,17,19,"[17, 18]",5
CBP 1-4 DO,2,28,8,2015,17,19,"[17, 18]",3
CBP 1-4 DO,2,28,8,2015,17,19,"[17, 18]",5
CBP 2-6 DO,2,28,8,2015,17,19,"[17, 18]",3
CBP 2-6 DO,2,28,8,2015,17,19,"[17, 18]",5
CBP 2-6 DO,5,8,9,2015,14,19,"[14, 15, 16, 17, 18]",3
CBP 2-6 DO,5,8,9,2015,14,19,"[14, 15, 16, 17, 18]",4
CBP 2-6 DO,5,8,9,2015,14,19,"[14, 15, 16, 17, 18]",5
CBP 2-6 DO,5,8,9,2015,14,19,"[14, 15, 16, 17, 18]",6
CBP 1-4 DO,4,8,9,2015,15,19,"[15, 16, 17, 18]",1
CBP 1-4 DO,4,8,9,2015,15,19,"[15, 16, 17, 18]",2
CBP 1-4 DO,4,8,9,2015,15,19,"[15, 16, 17, 18]",3
CBP 1-4 DO,4,8,9,2015,15,19,"[15, 16, 17, 18]",4
CBP 1-4 DO,4,8,9,2015,15,19,"[15, 16, 17, 18]",5
CBP 1-4 DO,4,8,9,2015,15,19,"[15, 16, 17, 18]",6
CBP 2-6 DO,4,8,9,2015,15,19,"[15, 16, 17, 18]",1
CBP 2-6 DO,4,8,9,2015,15,19,"[15, 16, 17, 18]",2
CBP 2-6 DA,5,9,9,2015,14,19,"[14, 15, 16, 17, 18]",1
CBP 2-6 DO,5,9,9,2015,14,19,"[14, 15, 16, 17, 18]",1
CBP 2-6 DO,5,9,9,2015,14,19,"[14, 15, 16, 17, 18]",2
CBP 2-6 DO,5,9,9,2015,14,19,"[14, 15, 16, 17, 18]",3
CBP 2-6 DO,5,9,9,2015,14,19,"[14, 15, 16, 17, 18]",4
CBP 2-6 DO,5,9,9,2015,14,19,"[14, 15, 16, 17, 18]",5
CBP 2-6 DO,5,9,9,2015,14,19,"[14, 15, 16, 17, 18]",6
CBP 1-4 DA,4,9,9,2015,15,19,"[15, 16, 17, 18]",1
CBP 1-4 DA,4,9,9,2015,15,19,"[15, 16, 17, 18]",2
CBP 1-4 DA,4,9,9,2015,15,19,"[15, 16, 17, 18]",3
CBP 1-4 DA,4,9,9,2015,15,19,"[15, 16, 17, 18]",4
CBP 1-4 DA,4,9,9,2015,15,19,"[15, 16, 17, 18]",5
CBP 1-4 DA,4,9,9,2015,15,19,"[15, 16, 17, 18]",6
CBP 1-4 DO,4,9,9,2015,15,19,"[15, 16, 17, 18]",1
CBP 1-4 DO,4,9,9,2015,15,19,"[15, 16, 17, 18]",2
CBP 1-4 DO,4,9,9,2015,15,19,"[15, 16, 17, 18]",3
CBP 1-4 DO,4,9,9,2015,15,19,"[15, 16, 17, 18]",4
CBP 1-4 DO,4,9,9,2015,15,19,"[15, 16, 17, 18]",5
CBP 1-4 DO,4,9,9,2015,15,19,"[15, 16, 17, 18]",6
CBP 2-6 DA,5,10,9,2015,14,19,"[14, 15, 16, 17, 18]",1
CBP 2-6 DO,5,10,9,2015,14,19,"[14, 15, 16, 17, 18]",1
CBP 2-6 DO,5,10,9,2015,14,19,"[14, 15, 16, 17, 18]",2
CBP 2-6 DO,5,10,9,2015,14,19,"[14, 15, 16, 17, 18]",3
CBP 2-6 DO,5,10,9,2015,14,19,"[14, 15, 16, 17, 18]",4
CBP 2-6 DO,5,10,9,2015,14,19,"[14, 15, 16, 17, 18]",5
CBP 2-6 DO,5,10,9,2015,14,19,"[14, 15, 16, 17, 18]",6
CBP 1-4 DA,4,10,9,2015,15,19,"[15, 16, 17, 18]",1
CBP 1-4 DA,4,10,9,2015,15,19,"[15, 16, 17, 18]",2
CBP 1-4 DA,4,10,9,2015,15,19,"[15, 16, 17, 18]",3
CBP 1-4 DA,4,10,9,2015,15,19,"[15, 16, 17, 18]",4
CBP 1-4 DA,4,10,9,2015,15,19,"[15, 16, 17, 18]",5
CBP 1-4 DA,4,10,9,2015,15,19,"[15, 16, 17, 18]",6
CBP 1-4 DO,4,10,9,2015,15,19,"[15, 16, 17, 18]",1
CBP 1-4 DO,4,10,9,2015,15,19,"[15, 16, 17, 18]",2
CBP 1-4 DO,4,10,9,2015,15,19,"[15, 16, 17, 18]",3
CBP 1-4 DO,4,10,9,2015,15,19,"[15, 16, 17, 18]",4
CBP 1-4 DO,4,10,9,2015,15,19,"[15, 16, 17, 18]",5
CBP 1-4 DO,4,10,9,2015,15,19,"[15, 16, 17, 18]",6
CBP 1-4 DA,4,11,9,2015,14,18,"[14, 15, 16, 17]",1
CBP 1-4 DA,4,11,9,2015,14,18,"[14, 15, 16, 17]",3
CBP 1-4 DA,4,11,9,2015,14,18,"[14, 15, 16, 17]",6
CBP 1-4 DO,4,11,9,2015,14,18,"[14, 15, 16, 17]",1
CBP 1-4 DO,4,11,9,2015,14,18,"[14, 15, 16, 17]",3
CBP 1-4 DO,4,11,9,2015,14,18,"[14, 15, 16, 17]",6
CBP 2-6 DA,5,11,9,2015,14,19,"[14, 15, 16, 17, 18]",1
CBP 2-6 DO,5,11,9,2015,14,19,"[14, 15, 16, 17, 18]",1
CBP 2-6 DO,5,11,9,2015,14,19,"[14, 15, 16, 17, 18]",2
CBP 2-6 DO,5,11,9,2015,14,19,"[14, 15, 16, 17, 18]",3
CBP 2-6 DO,5,11,9,2015,14,19,"[14, 15, 16, 17, 18]",4
CBP 2-6 DO,5,11,9,2015,14,19,"[14, 15, 16, 17, 18]",5
CBP 2-6 DO,5,11,9,2015,14,19,"[14, 15, 16, 17, 18]",6
CBP 1-4 DA,4,11,9,2015,15,19,"[15, 16, 17, 18]",2
CBP 1-4 DA,4,11,9,2015,15,19,"[15, 16, 17, 18]",4
CBP 1-4 DA,4,11,9,2015,15,19,"[15, 16, 17, 18]",5
CBP 1-4 DO,4,11,9,2015,15,19,"[15, 16, 17, 18]",2
CBP 1-4 DO,4,11,9,2015,15,19,"[15, 16, 17, 18]",4
CBP 1-4 DO,4,11,9,2015,15,19,"[15, 16, 17, 18]",5
CBP 1-4 DA,4,21,9,2015,15,19,"[15, 16, 17, 18]",1
CBP 1-4 DA,4,21,9,2015,15,19,"[15, 16, 17, 18]",2
CBP 1-4 DA,4,21,9,2015,15,19,"[15, 16, 17, 18]",3
CBP 1-4 DA,4,21,9,2015,15,19,"[15, 16, 17, 18]",4
CBP 1-4 DA,4,21,9,2015,15,19,"[15, 16, 17, 18]",5
CBP 1-4 DA,4,21,9,2015,15,19,"[15, 16, 17, 18]",6
CBP 2-6 DA,4,21,9,2015,15,19,"[15, 16, 17, 18]",1
CBP 1-4 DA,1,24,9,2015,18,19,[18],1
CBP 1-4 DA,1,24,9,2015,18,19,[18],2
CBP 1-4 DA,1,24,9,2015,18,19,[18],3
CBP 1-4 DA,1,24,9,2015,18,19,[18],4
CBP 1-4 DA,1,24,9,2015,18,19,[18],5
CBP 1-4 DA,1,24,9,2015,18,19,[18],6
CBP 1-4 DO,1,24,9,2015,18,19,[18],1
CBP 1-4 DO,1,24,9,2015,18,19,[18],2
CBP 1-4 DO,1,24,9,2015,18,19,[18],3
CBP 1-4 DO,1,24,9,2015,18,19,[18],4
CBP 1-4 DO,1,24,9,2015,18,19,[18],5
CBP 1-4 DO,1,24,9,2015,18,19,[18],6
CBP 1-4 DA,2,25,9,2015,17,19,"[17, 18]",1
CBP 1-4 DA,2,25,9,2015,17,19,"[17, 18]",2
CBP 1-4 DA,2,25,9,2015,17,19,"[17, 18]",3
CBP 1-4 DA,2,25,9,2015,17,19,"[17, 18]",4
CBP 1-4 DA,2,25,9,2015,17,19,"[17, 18]",5
CBP 1-4 DA,2,25,9,2015,17,19,"[17, 18]",6
CBP 1-4 DO,2,25,9,2015,17,19,"[17, 18]",1
CBP 1-4 DO,2,25,9,2015,17,19,"[17, 18]",2
CBP 1-4 DO,2,25,9,2015,17,19,"[17, 18]",3
CBP 1-4 DO,2,25,9,2015,17,19,"[17, 18]",4
CBP 1-4 DO,2,25,9,2015,17,19,"[17, 18]",5
CBP 1-4 DO,2,25,9,2015,17,19,"[17, 18]",6
CBP 2-6 DA,2,25,9,2015,17,19,"[17, 18]",1
CBP 2-6 DO,2,25,9,2015,17,19,"[17, 18]",1
CBP 2-6 DO,2,25,9,2015,17,19,"[17, 18]",2
CBP 2-6 DO,2,25,9,2015,17,19,"[17, 18]",3
CBP 2-6 DO,2,25,9,2015,17,19,"[17, 18]",4
CBP 2-6 DO,2,25,9,2015,17,19,"[17, 18]",5
CBP 2-6 DO,2,25,9,2015,17,19,"[17, 18]",6
CBP 1-4 DO,1,28,9,2015,18,19,[18],1
CBP 1-4 DO,1,28,9,2015,18,19,[18],2
CBP 1-4 DO,1,28,9,2015,18,19,[18],4
CBP 1-4 DO,1,28,9,2015,18,19,[18],5
CBP 1-4 DO,1,28,9,2015,18,19,[18],6
CBP 1-4 DA,1,29,9,2015,17,18,[17],4
CBP 1-4 DA,1,29,9,2015,17,18,[17],5
CBP 1-4 DA,1,29,9,2015,17,18,[17],6
CBP 1-4 DO,1,29,9,2015,18,19,[18],4
CBP 1-4 DO,1,29,9,2015,18,19,[18],6
CBP 1-4 DA,1,8,10,2015,18,19,[18],1
CBP 1-4 DA,1,8,10,2015,18,19,[18],2
CBP 1-4 DA,1,8,10,2015,18,19,[18],3
CBP 1-4 DA,1,8,10,2015,18,19,[18],4
CBP 1-4 DA,1,8,10,2015,18,19,[18],5
CBP 1-4 DA,1,8,10,2015,18,19,[18],6
CBP 1-4 DO,1,8,10,2015,18,19,[18],1
CBP 1-4 DO,1,8,10,2015,18,19,[18],2
CBP 1-4 DO,1,8,10,2015,18,19,[18],3
CBP 1-4 DO,1,8,10,2015,18,19,[18],4
CBP 1-4 DO,1,8,10,2015,18,19,[18],5
CBP 1-4 DO,1,8,10,2015,18,19,[18],6
CBP 1-4 DA,3,9,10,2015,16,19,"[16, 17, 18]",4
CBP 1-4 DA,3,9,10,2015,16,19,"[16, 17, 18]",5
CBP 1-4 DA,3,9,10,2015,16,19,"[16, 17, 18]",6
CBP 1-4 DO,3,9,10,2015,16,19,"[16, 17, 18]",4
CBP 1-4 DO,3,9,10,2015,16,19,"[16, 17, 18]",5
CBP 1-4 DO,3,9,10,2015,16,19,"[16, 17, 18]",6
CBP 2-6 DO,3,9,10,2015,16,19,"[16, 17, 18]",4
CBP 2-6 DO,3,9,10,2015,16,19,"[16, 17, 18]",5
CBP 2-6 DO,3,9,10,2015,16,19,"[16, 17, 18]",6
CBP 1-4 DA,2,9,10,2015,17,19,"[17, 18]",1
CBP 1-4 DA,2,9,10,2015,17,19,"[17, 18]",2
CBP 1-4 DA,2,9,10,2015,17,19,"[17, 18]",3
CBP 1-4 DO,2,9,10,2015,17,19,"[17, 18]",1
CBP 1-4 DO,2,9,10,2015,17,19,"[17, 18]",2
CBP 1-4 DO,2,9,10,2015,17,19,"[17, 18]",3
CBP 2-6 DA,2,9,10,2015,17,19,"[17, 18]",1
CBP 2-6 DO,2,9,10,2015,17,19,"[17, 18]",1
CBP 2-6 DO,2,9,10,2015,17,19,"[17, 18]",2
CBP 2-6 DO,2,9,10,2015,17,19,"[17, 18]",3
CBP 1-4 DO,4,12,10,2015,15,19,"[15, 16, 17, 18]",4
CBP 2-6 DO,4,12,10,2015,15,19,"[15, 16, 17, 18]",4
CBP 1-4 DO,3,12,10,2015,16,19,"[16, 17, 18]",1
CBP 1-4 DO,3,12,10,2015,16,19,"[16, 17, 18]",2
CBP 1-4 DO,3,12,10,2015,16,19,"[16, 17, 18]",3
CBP 1-4 DO,3,12,10,2015,16,19,"[16, 17, 18]",5
CBP 1-4 DO,3,12,10,2015,16,19,"[16, 17, 18]",6
CBP 2-6 DO,3,12,10,2015,16,19,"[16, 17, 18]",1
CBP 2-6 DO,3,12,10,2015,16,19,"[16, 17, 18]",2
CBP 2-6 DO,3,12,10,2015,16,19,"[16, 17, 18]",3
CBP 2-6 DO,3,12,10,2015,16,19,"[16, 17, 18]",5
CBP 2-6 DO,3,12,10,2015,16,19,"[16, 17, 18]",6
CBP 1-4 DA,1,12,10,2015,18,19,[18],1
CBP 1-4 DA,1,12,10,2015,18,19,[18],2
CBP 1-4 DA,1,12,10,2015,18,19,[18],3
CBP 1-4 DA,1,12,10,2015,18,19,[18],4
CBP 1-4 DA,1,12,10,2015,18,19,[18],5
CBP 1-4 DA,1,12,10,2015,18,19,[18],6
CBP 1-4 DA,4,13,10,2015,15,19,"[15, 16, 17, 18]",4
CBP 1-4 DA,4,13,10,2015,15,19,"[15, 16, 17, 18]",6
CBP 1-4 DO,4,13,10,2015,15,19,"[15, 16, 17, 18]",4
CBP 1-4 DO,4,13,10,2015,15,19,"[15, 16, 17, 18]",6
CBP 2-6 DO,4,13,10,2015,15,19,"[15, 16, 17, 18]",4
CBP 2-6 DO,4,13,10,2015,15,19,"[15, 16, 17, 18]",6
CBP 1-4 DA,3,13,10,2015,16,19,"[16, 17, 18]",1
CBP 1-4 DA,3,13,10,2015,16,19,"[16, 17, 18]",2
CBP 1-4 DA,3,13,10,2015,16,19,"[16, 17, 18]",3
CBP 1-4 DA,3,13,10,2015,16,19,"[16, 17, 18]",5
CBP 1-4 DO,3,13,10,2015,16,19,"[16, 17, 18]",1
CBP 1-4 DO,3,13,10,2015,16,19,"[16, 17, 18]",2
CBP 1-4 DO,3,13,10,2015,16,19,"[16, 17, 18]",3
CBP 1-4 DO,3,13,10,2015,16,19,"[16, 17, 18]",5
CBP 2-6 DA,3,13,10,2015,16,19,"[16, 17, 18]",1
CBP 2-6 DO,3,13,10,2015,16,19,"[16, 17, 18]",1
CBP 2-6 DO,3,13,10,2015,16,19,"[16, 17, 18]",2
CBP 2-6 DO,3,13,10,2015,16,19,"[16, 17, 18]",3
CBP 2-6 DO,3,13,10,2015,16,19,"[16, 17, 18]",5
CBP 1-4 DA,2,14,10,2015,17,19,"[17, 18]",1
CBP 1-4 DA,2,14,10,2015,17,19,"[17, 18]",2
CBP 1-4 DA,2,14,10,2015,17,19,"[17, 18]",3
CBP 1-4 DA,2,14,10,2015,17,19,"[17, 18]",4
CBP 1-4 DA,2,14,10,2015,17,19,"[17, 18]",5
CBP 1-4 DA,2,14,10,2015,17,19,"[17, 18]",6
CBP 1-4 DO,2,14,10,2015,17,19,"[17, 18]",1
CBP 1-4 DO,2,14,10,2015,17,19,"[17, 18]",2
CBP 1-4 DO,2,14,10,2015,17,19,"[17, 18]",3
CBP 1-4 DO,2,14,10,2015,17,19,"[17, 18]",4
CBP 1-4 DO,2,14,10,2015,17,19,"[17, 18]",5
CBP 1-4 DO,2,14,10,2015,17,19,"[17, 18]",6
CBP 2-6 DA,2,14,10,2015,17,19,"[17, 18]",1
CBP 2-6 DO,2,14,10,2015,17,19,"[17, 18]",1
CBP 2-6 DO,2,14,10,2015,17,19,"[17, 18]",2
CBP 2-6 DO,2,14,10,2015,17,19,"[17, 18]",3
CBP 2-6 DO,2,14,10,2015,17,19,"[17, 18]",4
CBP 2-6 DO,2,14,10,2015,17,19,"[17, 18]",5
CBP 2-6 DO,2,14,10,2015,17,19,"[17, 18]",6
CBP 1-4 DA,2,15,10,2015,17,19,"[17, 18]",1
CBP 1-4 DA,2,15,10,2015,17,19,"[17, 18]",4
CBP 1-4 DA,2,15,10,2015,17,19,"[17, 18]",6
CBP 1-4 DO,2,15,10,2015,17,19,"[17, 18]",1
CBP 1-4 DO,2,15,10,2015,17,19,"[17, 18]",4
CBP 1-4 DO,2,15,10,2015,17,19,"[17, 18]",6
CBP 2-6 DA,2,15,10,2015,17,19,"[17, 18]",1
CBP 2-6 DO,2,15,10,2015,17,19,"[17, 18]",1
CBP 2-6 DO,2,15,10,2015,17,19,"[17, 18]",4
CBP 2-6 DO,2,15,10,2015,17,19,"[17, 18]",6
CBP 1-4 DA,1,15,10,2015,18,19,[18],2
CBP 1-4 DA,1,15,10,2015,18,19,[18],3
CBP 1-4 DA,1,15,10,2015,18,19,[18],5
CBP 1-4 DO,1,15,10,2015,18,19,[18],2
CBP 1-4 DO,1,15,10,2015,18,19,[18],3
CBP 1-4 DO,1,15,10,2015,18,19,[18],5
CBP 1-4 DA,1,16,10,2015,18,19,[18],1
CBP 1-4 DA,1,16,10,2015,18,19,[18],2
CBP 1-4 DA,1,16,10,2015,18,19,[18],3
CBP 1-4 DA,1,16,10,2015,18,19,[18],4
CBP 1-4 DA,1,16,10,2015,18,19,[18],5
CBP 1-4 DA,1,16,10,2015,18,19,[18],6
CBP 1-4 DO,1,16,10,2015,18,19,[18],1
CBP 1-4 DO,1,16,10,2015,18,19,[18],2
CBP 1-4 DO,1,16,10,2015,18,19,[18],3
CBP 1-4 DO,1,16,10,2015,18,19,[18],4
CBP 1-4 DO,1,16,10,2015,18,19,[18],5
CBP 1-4 DO,1,16,10,2015,18,19,[18],6
CBP 1-4 DA,1,19,10,2015,18,19,[18],1
CBP 1-4 DA,1,19,10,2015,18,19,[18],2
CBP 1-4 DA,1,19,10,2015,18,19,[18],3
CBP 1-4 DA,1,19,10,2015,18,19,[18],4
CBP 1-4 DA,1,19,10,2015,18,19,[18],5
CBP 1-4 DA,1,19,10,2015,18,19,[18],6
CBP 1-4 DA,1,26,10,2015,18,19,[18],1
CBP 1-4 DA,1,26,10,2015,18,19,[18],2
CBP 1-4 DA,1,26,10,2015,18,19,[18],3
CBP 1-4 DA,1,26,10,2015,18,19,[18],4
CBP 1-4 DA,1,26,10,2015,18,19,[18],5
CBP 1-4 DA,1,26,10,2015,18,19,[18],6
CBP 1-4 DO,1,26,10,2015,18,19,[18],1
CBP 1-4 DO,1,26,10,2015,18,19,[18],2
CBP 1-4 DO,1,26,10,2015,18,19,[18],3
CBP 1-4 DO,1,26,10,2015,18,19,[18],4
CBP 1-4 DO,1,26,10,2015,18,19,[18],5
CBP 1-4 DO,1,26,10,2015,18,19,[18],6
CBP 1-4 DA,1,27,10,2015,18,19,[18],1
CBP 1-4 DA,1,27,10,2015,18,19,[18],2
CBP 1-4 DA,1,27,10,2015,18,19,[18],3
CBP 1-4 DA,1,27,10,2015,18,19,[18],4
CBP 1-4 DA,1,27,10,2015,18,19,[18],5
CBP 1-4 DA,1,27,10,2015,18,19,[18],6
CBP 1-4 DO,1,27,10,2015,18,19,[18],1
CBP 1-4 DO,1,27,10,2015,18,19,[18],2
CBP 1-4 DO,1,27,10,2015,18,19,[18],3
CBP 1-4 DO,1,27,10,2015,18,19,[18],4
CBP 1-4 DO,1,27,10,2015,18,19,[18],5
CBP 1-4 DO,1,27,10,2015,18,19,[18],6
CBP 1-4 DA,1,28,10,2015,18,19,[18],1
CBP 1-4 DA,1,28,10,2015,18,19,[18],2
CBP 1-4 DA,1,28,10,2015,18,19,[18],3
CBP 1-4 DA,1,28,10,2015,18,19,[18],4
CBP 1-4 DA,1,28,10,2015,18,19,[18],5
CBP 1-4 DA,1,28,10,2015,18,19,[18],6
CBP 1-4 DO,1,28,10,2015,18,19,[18],1
CBP 1-4 DO,1,28,10,2015,18,19,[18],2
CBP 1-4 DO,1,28,10,2015,18,19,[18],3
CBP 1-4 DO,1,28,10,2015,18,19,[18],4
CBP 1-4 DO,1,28,10,2015,18,19,[18],5
CBP 1-4 DO,1,28,10,2015,18,19,[18],6
CBP 1-4 DA,1,29,10,2015,18,19,[18],1
CBP 1-4 DA,1,29,10,2015,18,19,[18],4
CBP 1-4 DA,1,29,10,2015,18,19,[18],5
CBP 1-4 DA,1,29,10,2015,18,19,[18],6
CBP 1-4 DO,1,29,10,2015,18,19,[18],1
CBP 1-4 DO,1,29,10,2015,18,19,[18],4
CBP 1-4 DO,1,29,10,2015,18,19,[18],5
CBP 1-4 DO,1,29,10,2015,18,19,[18],6
CBP 1-4 DA,1,30,10,2015,18,19,[18],1
CBP 1-4 DA,1,30,10,2015,18,19,[18],2
CBP 1-4 DA,1,30,10,2015,18,19,[18],3
CBP 1-4 DA,1,30,10,2015,18,19,[18],4
CBP 1-4 DA,1,30,10,2015,18,19,[18],5
CBP 1-4 DA,1,30,10,2015,18,19,[18],6
CBP 1-4 DO,1,30,10,2015,18,19,[18],1
CBP 1-4 DO,1,30,10,2015,18,19,[18],2
CBP 1-4 DO,1,30,10,2015,18,19,[18],3
CBP 1-4 DO,1,30,10,2015,18,19,[18],4
CBP 1-4 DO,1,30,10,2015,18,19,[18],5
CBP 1-4 DO,1,30,10,2015,18,19,[18],6
CBP 1-4 DO,2,2,11,2015,17,19,"[17, 18]",1
CBP 1-4 DO,2,2,11,2015,17,19,"[17, 18]",2
CBP 1-4 DO,2,2,11,2015,17,19,"[17, 18]",3
CBP 1-4 DO,2,2,11,2015,17,19,"[17, 18]",4
CBP 1-4 DO,2,2,11,2015,17,19,"[17, 18]",5
CBP 1-4 DO,2,2,11,2015,17,19,"[17, 18]",6
CBP 1-4 DO,2,3,11,2015,17,19,"[17, 18]",1
CBP 1-4 DO,2,3,11,2015,17,19,"[17, 18]",2
CBP 1-4 DO,2,3,11,2015,17,19,"[17, 18]",3
CBP 1-4 DO,2,3,11,2015,17,19,"[17, 18]",4
CBP 1-4 DO,2,3,11,2015,17,19,"[17, 18]",5
CBP 1-4 DO,2,3,11,2015,17,19,"[17, 18]",6
CBP 2-6 DA,2,3,11,2015,17,19,"[17, 18]",1
CBP 1-4 DO,2,4,11,2015,17,19,"[17, 18]",1
CBP 1-4 DO,2,4,11,2015,17,19,"[17, 18]",2
CBP 1-4 DO,2,4,11,2015,17,19,"[17, 18]",3
CBP 1-4 DO,2,4,11,2015,17,19,"[17, 18]",4
CBP 1-4 DO,2,4,11,2015,17,19,"[17, 18]",5
CBP 1-4 DO,2,4,11,2015,17,19,"[17, 18]",6
CBP 2-6 DA,2,4,11,2015,17,19,"[17, 18]",1
CBP 1-4 DO,2,6,11,2015,17,19,"[17, 18]",1
CBP 1-4 DO,2,6,11,2015,17,19,"[17, 18]",2
CBP 1-4 DO,2,6,11,2015,17,19,"[17, 18]",3
CBP 1-4 DO,2,6,11,2015,17,19,"[17, 18]",4
CBP 1-4 DO,2,6,11,2015,17,19,"[17, 18]",5
CBP 1-4 DO,2,6,11,2015,17,19,"[17, 18]",6
CBP 2-6 DA,2,6,11,2015,17,19,"[17, 18]",1
CBP 1-4 DO,1,9,11,2015,17,18,[17],1
CBP 1-4 DO,1,9,11,2015,17,18,[17],2
CBP 1-4 DO,1,9,11,2015,17,18,[17],3
CBP 1-4 DO,2,9,11,2015,17,19,"[17, 18]",4
CBP 1-4 DO,2,9,11,2015,17,19,"[17, 18]",5
CBP 1-4 DO,2,9,11,2015,17,19,"[17, 18]",6
CBP 2-6 DA,2,9,11,2015,17,19,"[17, 18]",1
CBP 1-4 DO,2,10,11,2015,17,19,"[17, 18]",1
CBP 1-4 DO,2,10,11,2015,17,19,"[17, 18]",2
CBP 1-4 DO,2,10,11,2015,17,19,"[17, 18]",3
CBP 1-4 DO,2,10,11,2015,17,19,"[17, 18]",4
CBP 1-4 DO,2,10,11,2015,17,19,"[17, 18]",5
CBP 1-4 DO,2,10,11,2015,17,19,"[17, 18]",6
CBP 2-6 DA,2,10,11,2015,17,19,"[17, 18]",1
CBP 1-4 DO,2,12,11,2015,17,19,"[17, 18]",1
CBP 1-4 DO,2,12,11,2015,17,19,"[17, 18]",2
CBP 1-4 DO,2,12,11,2015,17,19,"[17, 18]",3
CBP 1-4 DO,2,12,11,2015,17,19,"[17, 18]",4
CBP 1-4 DO,2,12,11,2015,17,19,"[17, 18]",5
CBP 1-4 DO,2,12,11,2015,17,19,"[17, 18]",6
CBP 2-6 DA,2,12,11,2015,17,19,"[17, 18]",1
CBP 1-4 DO,1,13,11,2015,17,18,[17],1
CBP 1-4 DO,1,13,11,2015,17,18,[17],2
CBP 1-4 DO,1,13,11,2015,17,18,[17],3
CBP 1-4 DO,1,13,11,2015,17,18,[17],4
CBP 1-4 DO,1,13,11,2015,17,18,[17],5
CBP 1-4 DO,1,13,11,2015,17,18,[17],6
CBP 1-4 DO,1,16,11,2015,17,18,[17],4
CBP 1-4 DO,1,16,11,2015,17,18,[17],5
CBP 1-4 DO,1,16,11,2015,17,18,[17],6
CBP 2-6 DA,2,16,11,2015,17,19,"[17, 18]",1
CBP 1-4 DO,1,17,11,2015,17,18,[17],1
CBP 1-4 DO,1,17,11,2015,17,18,[17],2
CBP 1-4 DO,1,17,11,2015,17,18,[17],3
CBP 1-4 DO,1,17,11,2015,17,18,[17],4
CBP 1-4 DO,1,17,11,2015,17,18,[17],5
CBP 1-4 DO,1,17,11,2015,17,18,[17],6
CBP 1-4 DO,1,18,11,2015,17,18,[17],1
CBP 1-4 DO,1,18,11,2015,17,18,[17],2
CBP 1-4 DO,1,18,11,2015,17,18,[17],4
CBP 1-4 DO,1,18,11,2015,17,18,[17],6
CBP 1-4 DO,1,19,11,2015,17,18,[17],1
CBP 1-4 DO,1,19,11,2015,17,18,[17],2
CBP 1-4 DO,1,19,11,2015,17,18,[17],3
CBP 1-4 DO,1,19,11,2015,17,18,[17],4
CBP 1-4 DO,1,19,11,2015,17,18,[17],5
CBP 1-4 DO,1,19,11,2015,17,18,[17],6
CBP 1-4 DO,1,20,11,2015,17,18,[17],1
CBP 1-4 DO,1,20,11,2015,17,18,[17],2
CBP 1-4 DO,1,20,11,2015,17,18,[17],3
CBP 1-4 DO,1,20,11,2015,17,18,[17],4
CBP 1-4 DO,1,20,11,2015,17,18,[17],5
CBP 1-4 DO,1,20,11,2015,17,18,[17],6
CBP 1-4 DO,1,30,11,2015,17,18,[17],1
CBP 1-4 DO,1,30,11,2015,17,18,[17],2
CBP 1-4 DO,1,30,11,2015,17,18,[17],3
CBP 1-4 DO,1,30,11,2015,17,18,[17],5
CBP 1-4 DO,2,30,11,2015,17,19,"[17, 18]",4
CBP 1-4 DO,2,30,11,2015,17,19,"[17, 18]",6
CBP 1-4 DO,1,1,12,2015,17,18,[17],1
CBP 1-4 DO,1,1,12,2015,17,18,[17],2
CBP 1-4 DO,1,1,12,2015,17,18,[17],3
CBP 1-4 DO,1,1,12,2015,17,18,[17],4
CBP 1-4 DO,1,1,12,2015,17,18,[17],6
CBP 1-4 DO,2,16,12,2015,17,19,"[17, 18]",1
CBP 1-4 DO,2,16,12,2015,17,19,"[17, 18]",2
CBP 1-4 DO,2,16,12,2015,17,19,"[17, 18]",3
CBP 1-4 DO,2,16,12,2015,17,19,"[17, 18]",4
CBP 1-4 DO,2,16,12,2015,17,19,"[17, 18]",6
CBP 1-4 DO,2,17,12,2015,17,19,"[17, 18]",1
CBP 1-4 DO,2,17,12,2015,17,19,"[17, 18]",2
CBP 1-4 DO,2,17,12,2015,17,19,"[17, 18]",3
CBP 1-4 DO,2,17,12,2015,17,19,"[17, 18]",4
CBP 1-4 DO,2,17,12,2015,17,19,"[17, 18]",6
CBP 1-4 DO,2,29,12,2015,17,19,"[17, 18]",1
CBP 1-4 DO,2,29,12,2015,17,19,"[17, 18]",2
CBP 1-4 DO,2,29,12,2015,17,19,"[17, 18]",3
CBP 1-4 DO,2,29,12,2015,17,19,"[17, 18]",4
CBP 1-4 DO,2,29,12,2015,17,19,"[17, 18]",6
CBP 1-4 DO,2,30,12,2015,17,19,"[17, 18]",1
CBP 1-4 DO,2,30,12,2015,17,19,"[17, 18]",2
CBP 1-4 DO,2,30,12,2015,17,19,"[17, 18]",3
CBP 1-4 DO,2,30,12,2015,17,19,"[17, 18]",4
CBP 1-4 DO,2,30,12,2015,17,19,"[17, 18]",6
CBP 1-4 DO,2,6,1,2016,17,19,"[17, 18]",1
CBP 1-4 DO,2,6,1,2016,17,19,"[17, 18]",2
CBP 1-4 DO,2,6,1,2016,17,19,"[17, 18]",3
CBP 1-4 DO,2,6,1,2016,17,19,"[17, 18]",4
CBP 1-4 DO,2,6,1,2016,17,19,"[17, 18]",6
CBP 1-4 DO,2,7,1,2016,17,19,"[17, 18]",1
CBP 1-4 DO,2,7,1,2016,17,19,"[17, 18]",2
CBP 1-4 DO,2,7,1,2016,17,19,"[17, 18]",3
CBP 1-4 DO,2,7,1,2016,17,19,"[17, 18]",4
CBP 1-4 DO,2,7,1,2016,17,19,"[17, 18]",6
CBP 1-4 DO,2,8,1,2016,17,19,"[17, 18]",1
CBP 1-4 DO,2,8,1,2016,17,19,"[17, 18]",2
CBP 1-4 DO,2,8,1,2016,17,19,"[17, 18]",3
CBP 1-4 DO,2,8,1,2016,17,19,"[17, 18]",4
CBP 1-4 DO,2,8,1,2016,17,19,"[17, 18]",6
CBP 1-4 DO,2,11,1,2016,17,19,"[17, 18]",1
CBP 1-4 DO,2,11,1,2016,17,19,"[17, 18]",2
CBP 1-4 DO,2,11,1,2016,17,19,"[17, 18]",3
CBP 1-4 DO,2,11,1,2016,17,19,"[17, 18]",4
CBP 1-4 DO,2,11,1,2016,17,19,"[17, 18]",6
CBP 1-4 DO,2,12,1,2016,17,19,"[17, 18]",1
CBP 1-4 DO,2,12,1,2016,17,19,"[17, 18]",2
CBP 1-4 DO,2,12,1,2016,17,19,"[17, 18]",3
CBP 1-4 DO,2,12,1,2016,17,19,"[17, 18]",4
CBP 1-4 DO,2,12,1,2016,17,19,"[17, 18]",6
CBP 1-4 DO,1,13,1,2016,17,18,[17],1
CBP 1-4 DO,1,13,1,2016,17,18,[17],2
CBP 1-4 DO,1,13,1,2016,17,18,[17],3
CBP 1-4 DO,1,13,1,2016,17,18,[17],4
CBP 1-4 DO,1,13,1,2016,17,18,[17],6
CBP 1-4 DO,2,14,1,2016,17,19,"[17, 18]",1
CBP 1-4 DO,2,14,1,2016,17,19,"[17, 18]",2
CBP 1-4 DO,2,14,1,2016,17,19,"[17, 18]",3
CBP 1-4 DO,2,14,1,2016,17,19,"[17, 18]",4
CBP 1-4 DO,2,14,1,2016,17,19,"[17, 18]",6
CBP 1-4 DO,1,15,1,2016,17,18,[17],1
CBP 1-4 DO,1,15,1,2016,17,18,[17],2
CBP 1-4 DO,1,15,1,2016,17,18,[17],3
CBP 1-4 DO,1,15,1,2016,17,18,[17],4
CBP 1-4 DO,1,15,1,2016,17,18,[17],6
CBP 1-4 DO,1,20,1,2016,17,18,[17],1
CBP 1-4 DO,1,20,1,2016,17,18,[17],2
CBP 1-4 DO,1,20,1,2016,17,18,[17],3
CBP 1-4 DO,1,20,1,2016,17,18,[17],4
CBP 1-4 DO,1,20,1,2016,17,18,[17],6
CBP 1-4 DO,1,22,1,2016,17,18,[17],1
CBP 1-4 DO,1,22,1,2016,17,18,[17],2
CBP 1-4 DO,1,22,1,2016,17,18,[17],3
CBP 1-4 DO,1,22,1,2016,17,18,[17],4
CBP 1-4 DO,1,22,1,2016,17,18,[17],6
CBP 1-4 DO,1,25,1,2016,17,18,[17],1
CBP 1-4 DO,1,25,1,2016,17,18,[17],2
CBP 1-4 DO,1,25,1,2016,17,18,[17],3
CBP 1-4 DO,1,25,1,2016,17,18,[17],4
CBP 1-4 DO,1,25,1,2016,17,18,[17],6
CBP 1-4 DO,1,2,2,2016,18,19,[18],1
CBP 1-4 DO,1,2,2,2016,18,19,[18],2
CBP 1-4 DO,1,2,2,2016,18,19,[18],3
CBP 1-4 DO,1,2,2,2016,18,19,[18],4
CBP 1-4 DO,1,2,2,2016,18,19,[18],5
CBP 1-4 DO,1,2,2,2016,18,19,[18],6
CBP 1-4 DO,2,3,2,2016,17,19,"[17, 18]",6
CBP 1-4 DO,1,3,2,2016,18,19,[18],1
CBP 1-4 DO,1,3,2,2016,18,19,[18],2
CBP 1-4 DO,1,3,2,2016,18,19,[18],3
CBP 1-4 DO,1,3,2,2016,18,19,[18],4
CBP 1-4 DO,1,3,2,2016,18,19,[18],5
CBP 1-4 DO,1,4,2,2016,18,19,[18],6
CBP 1-4 DO,1,8,2,2016,18,19,[18],6
CBP 1-4 DO,1,9,2,2016,18,19,[18],6
CBP 1-4 DO,1,10,2,2016,18,19,[18],1
CBP 1-4 DO,1,10,2,2016,18,19,[18],2
CBP 1-4 DO,1,10,2,2016,18,19,[18],3
CBP 1-4 DO,1,10,2,2016,18,19,[18],4
CBP 1-4 DO,1,10,2,2016,18,19,[18],5
CBP 1-4 DO,1,10,2,2016,18,19,[18],6
CBP 1-4 DO,1,11,2,2016,18,19,[18],1
CBP 1-4 DO,1,11,2,2016,18,19,[18],2
CBP 1-4 DO,1,11,2,2016,18,19,[18],3
CBP 1-4 DO,1,11,2,2016,18,19,[18],6
CBP 1-4 DO,1,16,2,2016,18,19,[18],6
CBP 1-4 DO,1,22,2,2016,18,19,[18],1
CBP 1-4 DO,1,22,2,2016,18,19,[18],5
CBP 1-4 DO,1,22,2,2016,18,19,[18],6
CBP 1-4 DO,1,23,2,2016,18,19,[18],1
CBP 1-4 DO,1,23,2,2016,18,19,[18],2
CBP 1-4 DO,1,23,2,2016,18,19,[18],3
CBP 1-4 DO,1,23,2,2016,18,19,[18],4
CBP 1-4 DO,1,23,2,2016,18,19,[18],5
CBP 1-4 DO,1,23,2,2016,18,19,[18],6
CBP 1-4 DO,1,24,2,2016,18,19,[18],1
CBP 1-4 DO,1,24,2,2016,18,19,[18],2
CBP 1-4 DO,1,24,2,2016,18,19,[18],3
CBP 1-4 DO,1,24,2,2016,18,19,[18],4
CBP 1-4 DO,1,24,2,2016,18,19,[18],5
CBP 1-4 DO,1,24,2,2016,18,19,[18],6
CBP 1-4 DO,1,25,2,2016,18,19,[18],1
CBP 1-4 DO,1,25,2,2016,18,19,[18],2
CBP 1-4 DO,1,25,2,2016,18,19,[18],3
CBP 1-4 DO,1,25,2,2016,18,19,[18],4
CBP 1-4 DO,1,25,2,2016,18,19,[18],5
CBP 1-4 DO,1,25,2,2016,18,19,[18],6
CBP 1-4 DO,1,26,2,2016,18,19,[18],6
CBP 1-4 DO,2,29,2,2016,17,19,"[17, 18]",4
CBP 1-4 DO,2,29,2,2016,17,19,"[17, 18]",5
CBP 1-4 DO,1,29,2,2016,18,19,[18],1
CBP 1-4 DO,1,29,2,2016,18,19,[18],2
CBP 1-4 DO,1,29,2,2016,18,19,[18],3
CBP 1-4 DO,1,29,2,2016,18,19,[18],6
CBP 1-4 DO,1,1,4,2016,18,19,[18],1
CBP 1-4 DO,1,1,4,2016,18,19,[18],2
CBP 1-4 DO,1,1,4,2016,18,19,[18],3
CBP 1-4 DO,1,1,4,2016,18,19,[18],4
CBP 1-4 DO,1,1,4,2016,18,19,[18],5
CBP 1-4 DO,1,1,4,2016,18,19,[18],6
CBP 1-4 DO,1,6,4,2016,18,19,[18],1
CBP 1-4 DO,1,6,4,2016,18,19,[18],5
CBP 1-4 DO,1,6,4,2016,18,19,[18],6
CBP 1-4 DA,1,2,5,2016,18,19,[18],6
CBP 1-4 DA,1,12,5,2016,18,19,[18],6
CBP 1-4 DO,1,12,5,2016,18,19,[18],1
CBP 1-4 DO,1,12,5,2016,18,19,[18],2
CBP 1-4 DO,1,12,5,2016,18,19,[18],3
CBP 1-4 DO,1,12,5,2016,18,19,[18],6
CBP 1-4 DO,1,2,6,2016,18,19,[18],6
CBP 1-4 DA,4,3,6,2016,15,19,"[15, 16, 17, 18]",6
CBP 1-4 DO,4,3,6,2016,15,19,"[15, 16, 17, 18]",6
CBP 2-6 DO,4,3,6,2016,15,19,"[15, 16, 17, 18]",6
CBP 1-4 DA,3,3,6,2016,16,19,"[16, 17, 18]",1
CBP 1-4 DA,3,3,6,2016,16,19,"[16, 17, 18]",4
CBP 1-4 DO,3,3,6,2016,16,19,"[16, 17, 18]",1
CBP 1-4 DO,3,3,6,2016,16,19,"[16, 17, 18]",4
CBP 2-6 DO,3,3,6,2016,16,19,"[16, 17, 18]",1
CBP 2-6 DO,3,3,6,2016,16,19,"[16, 17, 18]",4
CBP 1-4 DA,2,3,6,2016,17,19,"[17, 18]",5
CBP 1-4 DO,2,3,6,2016,17,19,"[17, 18]",5
CBP 2-6 DO,2,3,6,2016,17,19,"[17, 18]",5
CBP 1-4 DA,1,3,6,2016,18,19,[18],2
CBP 1-4 DA,1,3,6,2016,18,19,[18],3
CBP 1-4 DO,1,3,6,2016,18,19,[18],2
CBP 1-4 DO,1,3,6,2016,18,19,[18],3
CBP 1-4 DO,1,6,6,2016,18,19,[18],1
CBP 1-4 DO,1,6,6,2016,18,19,[18],3
CBP 1-4 DO,1,6,6,2016,18,19,[18],5
CBP 1-4 DO,1,6,6,2016,18,19,[18],6
CBP 1-4 DA,1,8,6,2016,18,19,[18],1
CBP 1-4 DA,1,8,6,2016,18,19,[18],2
CBP 1-4 DA,1,8,6,2016,18,19,[18],3
CBP 1-4 DA,1,8,6,2016,18,19,[18],6
CBP 1-4 DO,1,8,6,2016,18,19,[18],1
CBP 1-4 DO,1,8,6,2016,18,19,[18],2
CBP 1-4 DO,1,8,6,2016,18,19,[18],3
CBP 1-4 DO,1,8,6,2016,18,19,[18],6
CBP 2-6 DO,6,20,6,2016,13,19,"[13, 14, 15, 16, 17, 18]",1
CBP 2-6 DO,6,20,6,2016,13,19,"[13, 14, 15, 16, 17, 18]",2
CBP 2-6 DO,6,20,6,2016,13,19,"[13, 14, 15, 16, 17, 18]",3
CBP 2-6 DO,6,20,6,2016,13,19,"[13, 14, 15, 16, 17, 18]",4
CBP 2-6 DO,6,20,6,2016,13,19,"[13, 14, 15, 16, 17, 18]",5
CBP 2-6 DO,6,20,6,2016,13,19,"[13, 14, 15, 16, 17, 18]",6
CBP 1-4 DA,4,20,6,2016,15,19,"[15, 16, 17, 18]",1
CBP 1-4 DA,4,20,6,2016,15,19,"[15, 16, 17, 18]",2
CBP 1-4 DA,4,20,6,2016,15,19,"[15, 16, 17, 18]",3
CBP 1-4 DA,4,20,6,2016,15,19,"[15, 16, 17, 18]",4
CBP 1-4 DA,4,20,6,2016,15,19,"[15, 16, 17, 18]",5
CBP 1-4 DA,4,20,6,2016,15,19,"[15, 16, 17, 18]",6
CBP 1-4 DO,4,20,6,2016,15,19,"[15, 16, 17, 18]",1
CBP 1-4 DO,4,20,6,2016,15,19,"[15, 16, 17, 18]",2
CBP 1-4 DO,4,20,6,2016,15,19,"[15, 16, 17, 18]",3
CBP 1-4 DO,4,20,6,2016,15,19,"[15, 16, 17, 18]",4
CBP 1-4 DO,4,20,6,2016,15,19,"[15, 16, 17, 18]",5
CBP 1-4 DO,4,20,6,2016,15,19,"[15, 16, 17, 18]",6
CBP 1-4 DA,4,21,6,2016,15,19,"[15, 16, 17, 18]",1
CBP 1-4 DA,4,21,6,2016,15,19,"[15, 16, 17, 18]",2
CBP 1-4 DA,4,21,6,2016,15,19,"[15, 16, 17, 18]",3
CBP 1-4 DA,4,21,6,2016,15,19,"[15, 16, 17, 18]",5
CBP 1-4 DA,4,21,6,2016,15,19,"[15, 16, 17, 18]",6
CBP 1-4 DO,4,21,6,2016,15,19,"[15, 16, 17, 18]",1
CBP 1-4 DO,4,21,6,2016,15,19,"[15, 16, 17, 18]",2
CBP 1-4 DO,4,21,6,2016,15,19,"[15, 16, 17, 18]",3
CBP 1-4 DO,4,21,6,2016,15,19,"[15, 16, 17, 18]",5
CBP 1-4 DO,4,21,6,2016,15,19,"[15, 16, 17, 18]",6
CBP 2-6 DO,4,21,6,2016,15,19,"[15, 16, 17, 18]",1
CBP 2-6 DO,4,21,6,2016,15,19,"[15, 16, 17, 18]",2
CBP 2-6 DO,4,21,6,2016,15,19,"[15, 16, 17, 18]",3
CBP 2-6 DO,4,21,6,2016,15,19,"[15, 16, 17, 18]",5
CBP 2-6 DO,4,21,6,2016,15,19,"[15, 16, 17, 18]",6
CBP 1-4 DA,3,21,6,2016,16,19,"[16, 17, 18]",4
CBP 1-4 DO,3,21,6,2016,16,19,"[16, 17, 18]",4
CBP 2-6 DO,3,21,6,2016,16,19,"[16, 17, 18]",4
CBP 1-4 DA,1,22,6,2016,15,16,[15],2
CBP 1-4 DA,1,22,6,2016,15,16,[15],5
CBP 1-4 DO,1,22,6,2016,15,16,[15],2
CBP 1-4 DO,1,22,6,2016,15,16,[15],5
CBP 1-4 DA,2,22,6,2016,15,17,"[15, 16]",1
CBP 1-4 DA,2,22,6,2016,15,17,"[15, 16]",3
CBP 1-4 DA,2,22,6,2016,15,17,"[15, 16]",6
CBP 1-4 DO,2,22,6,2016,15,17,"[15, 16]",1
CBP 1-4 DO,2,22,6,2016,15,17,"[15, 16]",3
CBP 1-4 DO,2,22,6,2016,15,17,"[15, 16]",6
CBP 2-6 DO,2,22,6,2016,15,17,"[15, 16]",1
CBP 2-6 DO,2,22,6,2016,15,17,"[15, 16]",3
CBP 2-6 DO,2,22,6,2016,15,17,"[15, 16]",6
CBP 1-4 DA,4,27,6,2016,15,19,"[15, 16, 17, 18]",1
CBP 1-4 DA,4,27,6,2016,15,19,"[15, 16, 17, 18]",2
CBP 1-4 DA,4,27,6,2016,15,19,"[15, 16, 17, 18]",3
CBP 1-4 DA,4,27,6,2016,15,19,"[15, 16, 17, 18]",4
CBP 1-4 DA,4,27,6,2016,15,19,"[15, 16, 17, 18]",5
CBP 1-4 DA,4,27,6,2016,15,19,"[15, 16, 17, 18]",6
CBP 1-4 DO,4,27,6,2016,15,19,"[15, 16, 17, 18]",2
CBP 1-4 DO,4,27,6,2016,15,19,"[15, 16, 17, 18]",3
CBP 1-4 DO,4,27,6,2016,15,19,"[15, 16, 17, 18]",4
CBP 1-4 DO,4,27,6,2016,15,19,"[15, 16, 17, 18]",5
CBP 1-4 DO,4,27,6,2016,15,19,"[15, 16, 17, 18]",6
CBP 2-6 DO,4,27,6,2016,15,19,"[15, 16, 17, 18]",2
CBP 2-6 DO,4,27,6,2016,15,19,"[15, 16, 17, 18]",3
CBP 2-6 DO,4,27,6,2016,15,19,"[15, 16, 17, 18]",4
CBP 2-6 DO,4,27,6,2016,15,19,"[15, 16, 17, 18]",5
CBP 2-6 DO,4,27,6,2016,15,19,"[15, 16, 17, 18]",6
CBP 1-4 DO,3,27,6,2016,16,19,"[16, 17, 18]",1
CBP 2-6 DO,3,27,6,2016,16,19,"[16, 17, 18]",1
CBP 1-4 DA,4,28,6,2016,15,19,"[15, 16, 17, 18]",1
CBP 1-4 DA,4,28,6,2016,15,19,"[15, 16, 17, 18]",2
CBP 1-4 DA,4,28,6,2016,15,19,"[15, 16, 17, 18]",3
CBP 1-4 DA,4,28,6,2016,15,19,"[15, 16, 17, 18]",4
CBP 1-4 DA,4,28,6,2016,15,19,"[15, 16, 17, 18]",5
CBP 1-4 DA,3,28,6,2016,16,19,"[16, 17, 18]",6
CBP 1-4 DO,1,28,6,2016,17,18,[17],1
CBP 1-4 DO,1,28,6,2016,17,18,[17],2
CBP 1-4 DO,1,28,6,2016,17,18,[17],3
CBP 1-4 DO,1,28,6,2016,17,18,[17],4
CBP 1-4 DO,1,28,6,2016,17,18,[17],5
CBP 1-4 DA,1,30,6,2016,17,18,[17],1
CBP 1-4 DA,1,30,6,2016,17,18,[17],3
CBP 1-4 DA,1,30,6,2016,17,18,[17],5
CBP 1-4 DA,1,30,6,2016,17,18,[17],6
CBP 1-4 DO,1,30,6,2016,17,18,[17],1
CBP 1-4 DO,1,30,6,2016,17,18,[17],3
CBP 1-4 DO,1,30,6,2016,17,18,[17],5
CBP 1-4 DO,1,30,6,2016,17,18,[17],6
CBP 2-6 DO,5,11,7,2016,13,18,"[13, 14, 15, 16, 17]",1
CBP 1-4 DO,4,11,7,2016,14,18,"[14, 15, 16, 17]",1
CBP 1-4 DA,1,12,7,2016,14,15,[14],1
CBP 1-4 DO,1,12,7,2016,14,15,[14],1
CBP 1-4 DA,2,13,7,2016,13,15,"[13, 14]",1
CBP 1-4 DO,2,13,7,2016,13,15,"[13, 14]",1
CBP 2-6 DO,2,13,7,2016,13,15,"[13, 14]",1
CBP 1-4 DA,1,13,7,2016,14,15,[14],3
CBP 1-4 DA,1,13,7,2016,14,15,[14],6
CBP 1-4 DO,1,13,7,2016,14,15,[14],3
CBP 1-4 DO,1,13,7,2016,14,15,[14],6
CBP 1-4 DA,3,14,7,2016,16,19,"[16, 17, 18]",1
CBP 1-4 DO,3,14,7,2016,16,19,"[16, 17, 18]",1
CBP 2-6 DO,3,14,7,2016,16,19,"[16, 17, 18]",1
CBP 1-4 DA,1,14,7,2016,18,19,[18],2
CBP 1-4 DA,1,14,7,2016,18,19,[18],3
CBP 1-4 DA,1,14,7,2016,18,19,[18],4
CBP 1-4 DA,1,14,7,2016,18,19,[18],5
CBP 1-4 DA,1,14,7,2016,18,19,[18],6
CBP 1-4 DO,1,14,7,2016,18,19,[18],2
CBP 1-4 DO,1,14,7,2016,18,19,[18],3
CBP 1-4 DO,1,14,7,2016,18,19,[18],4
CBP 1-4 DO,1,14,7,2016,18,19,[18],5
CBP 1-4 DO,1,14,7,2016,18,19,[18],6
CBP 1-4 DA,3,20,7,2016,16,19,"[16, 17, 18]",1
CBP 1-4 DA,3,20,7,2016,16,19,"[16, 17, 18]",2
CBP 1-4 DA,3,20,7,2016,16,19,"[16, 17, 18]",3
CBP 1-4 DA,3,20,7,2016,16,19,"[16, 17, 18]",4
CBP 1-4 DA,3,20,7,2016,16,19,"[16, 17, 18]",5
CBP 1-4 DA,3,20,7,2016,16,19,"[16, 17, 18]",6
CBP 1-4 DO,3,20,7,2016,16,19,"[16, 17, 18]",1
CBP 1-4 DO,3,20,7,2016,16,19,"[16, 17, 18]",2
CBP 1-4 DO,3,20,7,2016,16,19,"[16, 17, 18]",3
CBP 1-4 DO,3,20,7,2016,16,19,"[16, 17, 18]",4
CBP 1-4 DO,3,20,7,2016,16,19,"[16, 17, 18]",5
CBP 1-4 DO,3,20,7,2016,16,19,"[16, 17, 18]",6
CBP 2-6 DO,3,20,7,2016,16,19,"[16, 17, 18]",1
CBP 2-6 DO,3,20,7,2016,16,19,"[16, 17, 18]",2
CBP 2-6 DO,3,20,7,2016,16,19,"[16, 17, 18]",3
CBP 2-6 DO,3,20,7,2016,16,19,"[16, 17, 18]",4
CBP 2-6 DO,3,20,7,2016,16,19,"[16, 17, 18]",5
CBP 2-6 DO,3,20,7,2016,16,19,"[16, 17, 18]",6
CBP 1-4 DA,4,21,7,2016,15,19,"[15, 16, 17, 18]",1
CBP 1-4 DA,4,21,7,2016,15,19,"[15, 16, 17, 18]",2
CBP 1-4 DA,4,21,7,2016,15,19,"[15, 16, 17, 18]",3
CBP 1-4 DA,4,21,7,2016,15,19,"[15, 16, 17, 18]",4
CBP 1-4 DA,4,21,7,2016,15,19,"[15, 16, 17, 18]",5
CBP 1-4 DA,4,21,7,2016,15,19,"[15, 16, 17, 18]",6
CBP 1-4 DO,4,21,7,2016,15,19,"[15, 16, 17, 18]",1
CBP 1-4 DO,4,21,7,2016,15,19,"[15, 16, 17, 18]",2
CBP 1-4 DO,4,21,7,2016,15,19,"[15, 16, 17, 18]",3
CBP 1-4 DO,4,21,7,2016,15,19,"[15, 16, 17, 18]",4
CBP 1-4 DO,4,21,7,2016,15,19,"[15, 16, 17, 18]",5
CBP 1-4 DO,4,21,7,2016,15,19,"[15, 16, 17, 18]",6
CBP 2-6 DO,4,21,7,2016,15,19,"[15, 16, 17, 18]",1
CBP 2-6 DO,4,21,7,2016,15,19,"[15, 16, 17, 18]",2
CBP 2-6 DO,4,21,7,2016,15,19,"[15, 16, 17, 18]",3
CBP 2-6 DO,4,21,7,2016,15,19,"[15, 16, 17, 18]",4
CBP 2-6 DO,4,21,7,2016,15,19,"[15, 16, 17, 18]",5
CBP 2-6 DO,4,21,7,2016,15,19,"[15, 16, 17, 18]",6
CBP 2-6 DO,5,22,7,2016,14,19,"[14, 15, 16, 17, 18]",2
CBP 2-6 DO,5,22,7,2016,14,19,"[14, 15, 16, 17, 18]",3
CBP 2-6 DO,5,22,7,2016,14,19,"[14, 15, 16, 17, 18]",6
CBP 1-4 DA,4,22,7,2016,15,19,"[15, 16, 17, 18]",1
CBP 1-4 DA,4,22,7,2016,15,19,"[15, 16, 17, 18]",2
CBP 1-4 DA,4,22,7,2016,15,19,"[15, 16, 17, 18]",3
CBP 1-4 DA,4,22,7,2016,15,19,"[15, 16, 17, 18]",6
CBP 1-4 DO,4,22,7,2016,15,19,"[15, 16, 17, 18]",1
CBP 1-4 DO,4,22,7,2016,15,19,"[15, 16, 17, 18]",2
CBP 1-4 DO,4,22,7,2016,15,19,"[15, 16, 17, 18]",3
CBP 1-4 DO,4,22,7,2016,15,19,"[15, 16, 17, 18]",6
CBP 2-6 DO,4,22,7,2016,15,19,"[15, 16, 17, 18]",1
CBP 1-4 DA,3,22,7,2016,16,19,"[16, 17, 18]",4
CBP 1-4 DA,3,22,7,2016,16,19,"[16, 17, 18]",5
CBP 1-4 DO,3,22,7,2016,16,19,"[16, 17, 18]",4
CBP 1-4 DO,3,22,7,2016,16,19,"[16, 17, 18]",5
CBP 2-6 DO,3,22,7,2016,16,19,"[16, 17, 18]",4
CBP 2-6 DO,3,22,7,2016,16,19,"[16, 17, 18]",5
CBP 1-4 DA,4,25,7,2016,15,19,"[15, 16, 17, 18]",2
CBP 1-4 DA,4,25,7,2016,15,19,"[15, 16, 17, 18]",3
CBP 1-4 DA,4,25,7,2016,15,19,"[15, 16, 17, 18]",4
CBP 1-4 DA,4,25,7,2016,15,19,"[15, 16, 17, 18]",5
CBP 1-4 DA,4,25,7,2016,15,19,"[15, 16, 17, 18]",6
CBP 1-4 DO,4,25,7,2016,15,19,"[15, 16, 17, 18]",6
CBP 2-6 DO,4,25,7,2016,15,19,"[15, 16, 17, 18]",6
CBP 1-4 DA,3,25,7,2016,16,19,"[16, 17, 18]",1
CBP 1-4 DO,3,25,7,2016,16,19,"[16, 17, 18]",1
CBP 1-4 DO,3,25,7,2016,16,19,"[16, 17, 18]",2
CBP 1-4 DO,3,25,7,2016,16,19,"[16, 17, 18]",3
CBP 1-4 DO,3,25,7,2016,16,19,"[16, 17, 18]",4
CBP 1-4 DO,3,25,7,2016,16,19,"[16, 17, 18]",5
CBP 2-6 DO,3,25,7,2016,16,19,"[16, 17, 18]",1
CBP 2-6 DO,3,25,7,2016,16,19,"[16, 17, 18]",2
CBP 2-6 DO,3,25,7,2016,16,19,"[16, 17, 18]",3
CBP 2-6 DO,3,25,7,2016,16,19,"[16, 17, 18]",4
CBP 2-6 DO,3,25,7,2016,16,19,"[16, 17, 18]",5
CBP 1-4 DA,3,26,7,2016,16,19,"[16, 17, 18]",2
CBP 1-4 DA,3,26,7,2016,16,19,"[16, 17, 18]",3
CBP 1-4 DA,3,26,7,2016,16,19,"[16, 17, 18]",4
CBP 1-4 DA,3,26,7,2016,16,19,"[16, 17, 18]",5
CBP 1-4 DA,3,26,7,2016,16,19,"[16, 17, 18]",6
CBP 1-4 DO,3,26,7,2016,16,19,"[16, 17, 18]",2
CBP 1-4 DO,3,26,7,2016,16,19,"[16, 17, 18]",3
CBP 1-4 DO,3,26,7,2016,16,19,"[16, 17, 18]",4
CBP 1-4 DO,3,26,7,2016,16,19,"[16, 17, 18]",5
CBP 1-4 DO,3,26,7,2016,16,19,"[16, 17, 18]",6
CBP 2-6 DO,3,26,7,2016,16,19,"[16, 17, 18]",2
CBP 2-6 DO,3,26,7,2016,16,19,"[16, 17, 18]",3
CBP 2-6 DO,3,26,7,2016,16,19,"[16, 17, 18]",4
CBP 2-6 DO,3,26,7,2016,16,19,"[16, 17, 18]",5
CBP 2-6 DO,3,26,7,2016,16,19,"[16, 17, 18]",6
CBP 1-4 DA,1,26,7,2016,18,19,[18],1
CBP 1-4 DO,1,26,7,2016,18,19,[18],1
CBP 2-6 DO,5,27,7,2016,14,19,"[14, 15, 16, 17, 18]",2
CBP 2-6 DO,5,27,7,2016,14,19,"[14, 15, 16, 17, 18]",3
CBP 2-6 DO,5,27,7,2016,14,19,"[14, 15, 16, 17, 18]",4
CBP 2-6 DO,5,27,7,2016,14,19,"[14, 15, 16, 17, 18]",5
CBP 2-6 DO,5,27,7,2016,14,19,"[14, 15, 16, 17, 18]",6
CBP 1-4 DA,4,27,7,2016,15,19,"[15, 16, 17, 18]",1
CBP 1-4 DA,4,27,7,2016,15,19,"[15, 16, 17, 18]",2
CBP 1-4 DA,4,27,7,2016,15,19,"[15, 16, 17, 18]",3
CBP 1-4 DA,4,27,7,2016,15,19,"[15, 16, 17, 18]",4
CBP 1-4 DA,4,27,7,2016,15,19,"[15, 16, 17, 18]",5
CBP 1-4 DA,4,27,7,2016,15,19,"[15, 16, 17, 18]",6
CBP 1-4 DO,4,27,7,2016,15,19,"[15, 16, 17, 18]",1
CBP 1-4 DO,4,27,7,2016,15,19,"[15, 16, 17, 18]",2
CBP 1-4 DO,4,27,7,2016,15,19,"[15, 16, 17, 18]",3
CBP 1-4 DO,4,27,7,2016,15,19,"[15, 16, 17, 18]",4
CBP 1-4 DO,4,27,7,2016,15,19,"[15, 16, 17, 18]",5
CBP 1-4 DO,4,27,7,2016,15,19,"[15, 16, 17, 18]",6
CBP 2-6 DO,4,27,7,2016,15,19,"[15, 16, 17, 18]",1
CBP 2-6 DO,5,28,7,2016,14,19,"[14, 15, 16, 17, 18]",2
CBP 2-6 DO,5,28,7,2016,14,19,"[14, 15, 16, 17, 18]",3
CBP 2-6 DO,5,28,7,2016,14,19,"[14, 15, 16, 17, 18]",4
CBP 2-6 DO,5,28,7,2016,14,19,"[14, 15, 16, 17, 18]",5
CBP 2-6 DO,5,28,7,2016,14,19,"[14, 15, 16, 17, 18]",6
CBP 1-4 DA,4,28,7,2016,15,19,"[15, 16, 17, 18]",2
CBP 1-4 DA,4,28,7,2016,15,19,"[15, 16, 17, 18]",3
CBP 1-4 DA,4,28,7,2016,15,19,"[15, 16, 17, 18]",4
CBP 1-4 DA,4,28,7,2016,15,19,"[15, 16, 17, 18]",5
CBP 1-4 DA,4,28,7,2016,15,19,"[15, 16, 17, 18]",6
CBP 1-4 DO,4,28,7,2016,15,19,"[15, 16, 17, 18]",2
CBP 1-4 DO,4,28,7,2016,15,19,"[15, 16, 17, 18]",3
CBP 1-4 DO,4,28,7,2016,15,19,"[15, 16, 17, 18]",4
CBP 1-4 DO,4,28,7,2016,15,19,"[15, 16, 17, 18]",5
CBP 1-4 DO,4,28,7,2016,15,19,"[15, 16, 17, 18]",6
CBP 2-6 DO,2,28,7,2016,17,19,"[17, 18]",1
CBP 1-4 DA,1,28,7,2016,18,19,[18],1
CBP 1-4 DO,1,28,7,2016,18,19,[18],1
CBP 1-4 DA,4,29,7,2016,15,19,"[15, 16, 17, 18]",4
CBP 1-4 DA,4,29,7,2016,15,19,"[15, 16, 17, 18]",5
CBP 1-4 DO,4,29,7,2016,15,19,"[15, 16, 17, 18]",4
CBP 1-4 DO,4,29,7,2016,15,19,"[15, 16, 17, 18]",5
CBP 2-6 DO,4,29,7,2016,15,19,"[15, 16, 17, 18]",4
CBP 2-6 DO,4,29,7,2016,15,19,"[15, 16, 17, 18]",5
CBP 1-4 DA,2,29,7,2016,16,18,"[16, 17]",3
CBP 1-4 DA,2,29,7,2016,16,18,"[16, 17]",6
CBP 1-4 DO,2,29,7,2016,16,18,"[16, 17]",3
CBP 1-4 DO,2,29,7,2016,16,18,"[16, 17]",6
CBP 2-6 DO,2,29,7,2016,16,18,"[16, 17]",2
CBP 2-6 DO,2,29,7,2016,16,18,"[16, 17]",3
CBP 1-4 DA,3,29,7,2016,16,19,"[16, 17, 18]",2
CBP 1-4 DO,3,29,7,2016,16,19,"[16, 17, 18]",2
CBP 1-4 DA,4,1,8,2016,15,19,"[15, 16, 17, 18]",1
CBP 1-4 DA,4,1,8,2016,15,19,"[15, 16, 17, 18]",2
CBP 1-4 DA,4,1,8,2016,15,19,"[15, 16, 17, 18]",3
CBP 1-4 DA,4,1,8,2016,15,19,"[15, 16, 17, 18]",4
CBP 1-4 DA,4,1,8,2016,15,19,"[15, 16, 17, 18]",5
CBP 1-4 DA,4,1,8,2016,15,19,"[15, 16, 17, 18]",6
CBP 1-4 DO,1,1,8,2016,18,19,[18],1
CBP 1-4 DO,1,1,8,2016,18,19,[18],2
CBP 1-4 DO,1,1,8,2016,18,19,[18],3
CBP 1-4 DO,1,1,8,2016,18,19,[18],4
CBP 1-4 DO,1,1,8,2016,18,19,[18],5
CBP 1-4 DO,1,1,8,2016,18,19,[18],6
CBP 1-4 DA,1,2,8,2016,18,19,[18],1
CBP 1-4 DA,1,2,8,2016,18,19,[18],4
CBP 1-4 DA,1,2,8,2016,18,19,[18],6
CBP 1-4 DO,1,2,8,2016,18,19,[18],1
CBP 1-4 DO,1,2,8,2016,18,19,[18],4
CBP 1-4 DO,1,2,8,2016,18,19,[18],6
CBP 1-4 DA,1,4,8,2016,18,19,[18],6
CBP 1-4 DO,1,4,8,2016,18,19,[18],6
CBP 1-4 DA,1,12,8,2016,18,19,[18],1
CBP 1-4 DA,1,12,8,2016,18,19,[18],2
CBP 1-4 DA,1,12,8,2016,18,19,[18],3
CBP 1-4 DA,1,12,8,2016,18,19,[18],5
CBP 1-4 DA,1,12,8,2016,18,19,[18],6
CBP 1-4 DO,1,12,8,2016,18,19,[18],1
CBP 1-4 DO,1,12,8,2016,18,19,[18],2
CBP 1-4 DO,1,12,8,2016,18,19,[18],3
CBP 1-4 DO,1,12,8,2016,18,19,[18],5
CBP 1-4 DO,1,12,8,2016,18,19,[18],6
CBP 2-6 DO,6,15,8,2016,13,19,"[13, 14, 15, 16, 17, 18]",4
CBP 1-4 DO,4,15,8,2016,14,18,"[14, 15, 16, 17]",4
CBP 1-4 DO,4,15,8,2016,15,19,"[15, 16, 17, 18]",6
CBP 2-6 DO,4,15,8,2016,15,19,"[15, 16, 17, 18]",6
CBP 1-4 DA,3,15,8,2016,16,19,"[16, 17, 18]",1
CBP 1-4 DA,3,15,8,2016,16,19,"[16, 17, 18]",2
CBP 1-4 DA,3,15,8,2016,16,19,"[16, 17, 18]",3
CBP 1-4 DA,3,15,8,2016,16,19,"[16, 17, 18]",4
CBP 1-4 DA,3,15,8,2016,16,19,"[16, 17, 18]",5
CBP 1-4 DA,3,15,8,2016,16,19,"[16, 17, 18]",6
CBP 1-4 DO,3,15,8,2016,16,19,"[16, 17, 18]",1
CBP 1-4 DO,3,15,8,2016,16,19,"[16, 17, 18]",2
CBP 1-4 DO,3,15,8,2016,16,19,"[16, 17, 18]",3
CBP 1-4 DO,3,15,8,2016,16,19,"[16, 17, 18]",5
CBP 2-6 DO,3,15,8,2016,16,19,"[16, 17, 18]",1
CBP 2-6 DO,3,15,8,2016,16,19,"[16, 17, 18]",2
CBP 2-6 DO,3,15,8,2016,16,19,"[16, 17, 18]",3
CBP 2-6 DO,3,15,8,2016,16,19,"[16, 17, 18]",5
CBP 1-4 DA,3,16,8,2016,16,19,"[16, 17, 18]",1
CBP 1-4 DA,3,16,8,2016,16,19,"[16, 17, 18]",2
CBP 1-4 DA,3,16,8,2016,16,19,"[16, 17, 18]",3
CBP 1-4 DA,3,16,8,2016,16,19,"[16, 17, 18]",4
CBP 1-4 DA,3,16,8,2016,16,19,"[16, 17, 18]",5
CBP 1-4 DA,3,16,8,2016,16,19,"[16, 17, 18]",6
CBP 1-4 DO,3,16,8,2016,16,19,"[16, 17, 18]",1
CBP 1-4 DO,3,16,8,2016,16,19,"[16, 17, 18]",2
CBP 1-4 DO,3,16,8,2016,16,19,"[16, 17, 18]",3
CBP 1-4 DO,3,16,8,2016,16,19,"[16, 17, 18]",4
CBP 1-4 DO,3,16,8,2016,16,19,"[16, 17, 18]",5
CBP 1-4 DO,3,16,8,2016,16,19,"[16, 17, 18]",6
CBP 2-6 DO,3,16,8,2016,16,19,"[16, 17, 18]",1
CBP 2-6 DO,3,16,8,2016,16,19,"[16, 17, 18]",2
CBP 2-6 DO,3,16,8,2016,16,19,"[16, 17, 18]",3
CBP 2-6 DO,3,16,8,2016,16,19,"[16, 17, 18]",4
CBP 2-6 DO,3,16,8,2016,16,19,"[16, 17, 18]",5
CBP 2-6 DO,3,16,8,2016,16,19,"[16, 17, 18]",6
CBP 1-4 DA,2,17,8,2016,17,19,"[17, 18]",4
CBP 1-4 DO,2,17,8,2016,17,19,"[17, 18]",4
CBP 2-6 DO,2,17,8,2016,17,19,"[17, 18]",4
CBP 1-4 DA,1,17,8,2016,18,19,[18],1
CBP 1-4 DA,1,17,8,2016,18,19,[18],2
CBP 1-4 DA,1,17,8,2016,18,19,[18],3
CBP 1-4 DA,1,17,8,2016,18,19,[18],5
CBP 1-4 DA,1,17,8,2016,18,19,[18],6
CBP 1-4 DO,1,17,8,2016,18,19,[18],1
CBP 1-4 DO,1,17,8,2016,18,19,[18],2
CBP 1-4 DO,1,17,8,2016,18,19,[18],3
CBP 1-4 DO,1,17,8,2016,18,19,[18],5
CBP 1-4 DO,1,17,8,2016,18,19,[18],6
CBP 1-4 DA,3,18,8,2016,16,19,"[16, 17, 18]",1
CBP 1-4 DA,3,18,8,2016,16,19,"[16, 17, 18]",2
CBP 1-4 DA,3,18,8,2016,16,19,"[16, 17, 18]",3
CBP 1-4 DA,3,18,8,2016,16,19,"[16, 17, 18]",5
CBP 1-4 DA,3,18,8,2016,16,19,"[16, 17, 18]",6
CBP 1-4 DO,3,18,8,2016,16,19,"[16, 17, 18]",1
CBP 1-4 DO,3,18,8,2016,16,19,"[16, 17, 18]",2
CBP 1-4 DO,3,18,8,2016,16,19,"[16, 17, 18]",3
CBP 1-4 DO,3,18,8,2016,16,19,"[16, 17, 18]",5
CBP 1-4 DO,3,18,8,2016,16,19,"[16, 17, 18]",6
CBP 2-6 DO,3,18,8,2016,16,19,"[16, 17, 18]",1
CBP 2-6 DO,3,18,8,2016,16,19,"[16, 17, 18]",2
CBP 2-6 DO,3,18,8,2016,16,19,"[16, 17, 18]",3
CBP 2-6 DO,3,18,8,2016,16,19,"[16, 17, 18]",5
CBP 2-6 DO,3,18,8,2016,16,19,"[16, 17, 18]",6
CBP 1-4 DA,2,18,8,2016,17,19,"[17, 18]",4
CBP 1-4 DO,2,18,8,2016,17,19,"[17, 18]",4
CBP 2-6 DO,2,18,8,2016,17,19,"[17, 18]",4
CBP 1-4 DA,1,19,8,2016,18,19,[18],1
CBP 1-4 DA,1,19,8,2016,18,19,[18],2
CBP 1-4 DA,1,19,8,2016,18,19,[18],3
CBP 1-4 DA,1,19,8,2016,18,19,[18],4
CBP 1-4 DA,1,19,8,2016,18,19,[18],5
CBP 1-4 DA,1,19,8,2016,18,19,[18],6
CBP 1-4 DO,1,19,8,2016,18,19,[18],1
CBP 1-4 DO,1,19,8,2016,18,19,[18],2
CBP 1-4 DO,1,19,8,2016,18,19,[18],3
CBP 1-4 DO,1,19,8,2016,18,19,[18],4
CBP 1-4 DO,1,19,8,2016,18,19,[18],5
CBP 1-4 DO,1,19,8,2016,18,19,[18],6
CBP 1-4 DO,1,29,8,2016,18,19,[18],1
CBP 1-4 DO,1,29,8,2016,18,19,[18],2
CBP 1-4 DO,1,29,8,2016,18,19,[18],3
CBP 1-4 DO,1,29,8,2016,18,19,[18],4
CBP 1-4 DO,1,29,8,2016,18,19,[18],5
CBP 1-4 DO,1,29,8,2016,18,19,[18],6
CBP 1-4 DA,1,30,8,2016,18,19,[18],1
CBP 1-4 DA,1,30,8,2016,18,19,[18],2
CBP 1-4 DA,1,30,8,2016,18,19,[18],3
CBP 1-4 DA,1,30,8,2016,18,19,[18],4
CBP 1-4 DA,1,30,8,2016,18,19,[18],5
CBP 1-4 DA,1,30,8,2016,18,19,[18],6
CBP 1-4 DO,1,30,8,2016,18,19,[18],1
CBP 1-4 DO,1,30,8,2016,18,19,[18],2
CBP 1-4 DO,1,30,8,2016,18,19,[18],3
CBP 1-4 DO,1,30,8,2016,18,19,[18],4
CBP 1-4 DO,1,30,8,2016,18,19,[18],5
CBP 1-4 DO,1,30,8,2016,18,19,[18],6
CBP 1-4 DA,3,31,8,2016,16,19,"[16, 17, 18]",1
CBP 1-4 DA,3,31,8,2016,16,19,"[16, 17, 18]",2
CBP 1-4 DA,3,31,8,2016,16,19,"[16, 17, 18]",3
CBP 1-4 DA,3,31,8,2016,16,19,"[16, 17, 18]",4
CBP 1-4 DA,3,31,8,2016,16,19,"[16, 17, 18]",5
CBP 1-4 DA,3,31,8,2016,16,19,"[16, 17, 18]",6
CBP 1-4 DO,3,31,8,2016,16,19,"[16, 17, 18]",1
CBP 1-4 DO,3,31,8,2016,16,19,"[16, 17, 18]",2
CBP 1-4 DO,3,31,8,2016,16,19,"[16, 17, 18]",3
CBP 1-4 DO,3,31,8,2016,16,19,"[16, 17, 18]",4
CBP 1-4 DO,3,31,8,2016,16,19,"[16, 17, 18]",5
CBP 1-4 DO,3,31,8,2016,16,19,"[16, 17, 18]",6
CBP 2-6 DO,3,31,8,2016,16,19,"[16, 17, 18]",1
CBP 2-6 DO,3,31,8,2016,16,19,"[16, 17, 18]",2
CBP 2-6 DO,3,31,8,2016,16,19,"[16, 17, 18]",3
CBP 2-6 DO,3,31,8,2016,16,19,"[16, 17, 18]",4
CBP 2-6 DO,3,31,8,2016,16,19,"[16, 17, 18]",5
CBP 2-6 DO,3,31,8,2016,16,19,"[16, 17, 18]",6
CBP 1-4 DA,1,7,9,2016,18,19,[18],1
CBP 1-4 DA,1,7,9,2016,18,19,[18],2
CBP 1-4 DA,1,7,9,2016,18,19,[18],3
CBP 1-4 DA,1,7,9,2016,18,19,[18],4
CBP 1-4 DA,1,7,9,2016,18,19,[18],5
CBP 1-4 DA,1,7,9,2016,18,19,[18],6
CBP 1-4 DO,1,7,9,2016,18,19,[18],1
CBP 1-4 DO,1,7,9,2016,18,19,[18],2
CBP 1-4 DO,1,7,9,2016,18,19,[18],3
CBP 1-4 DO,1,7,9,2016,18,19,[18],4
CBP 1-4 DO,1,7,9,2016,18,19,[18],5
CBP 1-4 DO,1,7,9,2016,18,19,[18],6
CBP 1-4 DO,3,26,9,2016,16,19,"[16, 17, 18]",1
CBP 1-4 DO,3,26,9,2016,16,19,"[16, 17, 18]",2
CBP 1-4 DO,3,26,9,2016,16,19,"[16, 17, 18]",3
CBP 1-4 DO,3,26,9,2016,16,19,"[16, 17, 18]",4
CBP 1-4 DO,3,26,9,2016,16,19,"[16, 17, 18]",5
CBP 1-4 DO,3,26,9,2016,16,19,"[16, 17, 18]",6
CBP 2-6 DO,3,26,9,2016,16,19,"[16, 17, 18]",1
CBP 2-6 DO,3,26,9,2016,16,19,"[16, 17, 18]",2
CBP 2-6 DO,3,26,9,2016,16,19,"[16, 17, 18]",3
CBP 2-6 DO,3,26,9,2016,16,19,"[16, 17, 18]",4
CBP 2-6 DO,3,26,9,2016,16,19,"[16, 17, 18]",5
CBP 2-6 DO,3,26,9,2016,16,19,"[16, 17, 18]",6
CBP 1-4 DA,1,26,9,2016,18,19,[18],1
CBP 1-4 DA,1,26,9,2016,18,19,[18],2
CBP 1-4 DA,1,26,9,2016,18,19,[18],3
CBP 1-4 DA,1,26,9,2016,18,19,[18],4
CBP 1-4 DA,1,26,9,2016,18,19,[18],5
CBP 1-4 DA,1,26,9,2016,18,19,[18],6
CBP 1-4 DA,2,27,9,2016,17,19,"[17, 18]",1
CBP 1-4 DA,2,27,9,2016,17,19,"[17, 18]",2
CBP 1-4 DA,2,27,9,2016,17,19,"[17, 18]",3
CBP 1-4 DA,2,27,9,2016,17,19,"[17, 18]",4
CBP 1-4 DA,2,27,9,2016,17,19,"[17, 18]",5
CBP 1-4 DA,2,27,9,2016,17,19,"[17, 18]",6
CBP 1-4 DO,2,27,9,2016,17,19,"[17, 18]",1
CBP 1-4 DO,2,27,9,2016,17,19,"[17, 18]",2
CBP 1-4 DO,2,27,9,2016,17,19,"[17, 18]",3
CBP 1-4 DO,2,27,9,2016,17,19,"[17, 18]",4
CBP 1-4 DO,2,27,9,2016,17,19,"[17, 18]",5
CBP 1-4 DO,2,27,9,2016,17,19,"[17, 18]",6
CBP 2-6 DO,2,27,9,2016,17,19,"[17, 18]",1
CBP 2-6 DO,2,27,9,2016,17,19,"[17, 18]",2
CBP 2-6 DO,2,27,9,2016,17,19,"[17, 18]",3
CBP 2-6 DO,2,27,9,2016,17,19,"[17, 18]",4
CBP 2-6 DO,2,27,9,2016,17,19,"[17, 18]",5
CBP 2-6 DO,2,27,9,2016,17,19,"[17, 18]",6
CBP 1-4 DA,1,28,9,2016,18,19,[18],1
CBP 1-4 DA,1,28,9,2016,18,19,[18],2
CBP 1-4 DA,1,28,9,2016,18,19,[18],3
CBP 1-4 DA,1,28,9,2016,18,19,[18],4
CBP 1-4 DA,1,28,9,2016,18,19,[18],5
CBP 1-4 DA,1,28,9,2016,18,19,[18],6
CBP 1-4 DO,1,28,9,2016,18,19,[18],1
CBP 1-4 DO,1,28,9,2016,18,19,[18],2
CBP 1-4 DO,1,28,9,2016,18,19,[18],3
CBP 1-4 DO,1,28,9,2016,18,19,[18],4
CBP 1-4 DO,1,28,9,2016,18,19,[18],5
CBP 1-4 DO,1,28,9,2016,18,19,[18],6
CBP 1-4 DA,1,6,10,2016,18,19,[18],1
CBP 1-4 DA,1,6,10,2016,18,19,[18],2
CBP 1-4 DA,1,6,10,2016,18,19,[18],3
CBP 1-4 DA,1,6,10,2016,18,19,[18],4
CBP 1-4 DA,1,6,10,2016,18,19,[18],5
CBP 1-4 DA,1,6,10,2016,18,19,[18],6
CBP 1-4 DO,1,6,10,2016,18,19,[18],1
CBP 1-4 DO,1,6,10,2016,18,19,[18],2
CBP 1-4 DO,1,6,10,2016,18,19,[18],3
CBP 1-4 DO,1,6,10,2016,18,19,[18],4
CBP 1-4 DO,1,6,10,2016,18,19,[18],5
CBP 1-4 DO,1,6,10,2016,18,19,[18],6
CBP 1-4 DA,2,7,10,2016,17,19,"[17, 18]",6
CBP 1-4 DO,2,7,10,2016,17,19,"[17, 18]",6
CBP 1-4 DA,1,7,10,2016,18,19,[18],1
CBP 1-4 DA,1,7,10,2016,18,19,[18],2
CBP 1-4 DA,1,7,10,2016,18,19,[18],3
CBP 1-4 DA,1,7,10,2016,18,19,[18],4
CBP 1-4 DA,1,7,10,2016,18,19,[18],5
CBP 1-4 DO,1,7,10,2016,18,19,[18],1
CBP 1-4 DO,1,7,10,2016,18,19,[18],2
CBP 1-4 DO,1,7,10,2016,18,19,[18],3
CBP 1-4 DO,1,7,10,2016,18,19,[18],4
CBP 1-4 DO,1,7,10,2016,18,19,[18],5
CBP 1-4 DA,1,10,10,2016,18,19,[18],1
CBP 1-4 DA,1,10,10,2016,18,19,[18],2
CBP 1-4 DA,1,10,10,2016,18,19,[18],3
CBP 1-4 DA,1,10,10,2016,18,19,[18],4
CBP 1-4 DA,1,10,10,2016,18,19,[18],5
CBP 1-4 DA,1,10,10,2016,18,19,[18],6
CBP 1-4 DO,1,10,10,2016,18,19,[18],1
CBP 1-4 DO,1,10,10,2016,18,19,[18],2
CBP 1-4 DO,1,10,10,2016,18,19,[18],3
CBP 1-4 DO,1,10,10,2016,18,19,[18],4
CBP 1-4 DO,1,10,10,2016,18,19,[18],5
CBP 1-4 DO,1,10,10,2016,18,19,[18],6
CBP 1-4 DA,1,17,10,2016,18,19,[18],1
CBP 1-4 DA,1,17,10,2016,18,19,[18],2
CBP 1-4 DA,1,17,10,2016,18,19,[18],3
CBP 1-4 DA,1,17,10,2016,18,19,[18],4
CBP 1-4 DA,1,17,10,2016,18,19,[18],5
CBP 1-4 DA,1,17,10,2016,18,19,[18],6
CBP 1-4 DO,1,17,10,2016,18,19,[18],1
CBP 1-4 DO,1,17,10,2016,18,19,[18],2
CBP 1-4 DO,1,17,10,2016,18,19,[18],3
CBP 1-4 DO,1,17,10,2016,18,19,[18],4
CBP 1-4 DO,1,17,10,2016,18,19,[18],5
CBP 1-4 DO,1,17,10,2016,18,19,[18],6
CBP 1-4 DA,1,18,10,2016,18,19,[18],1
CBP 1-4 DA,1,18,10,2016,18,19,[18],2
CBP 1-4 DA,1,18,10,2016,18,19,[18],3
CBP 1-4 DA,1,18,10,2016,18,19,[18],4
CBP 1-4 DA,1,18,10,2016,18,19,[18],5
CBP 1-4 DA,1,18,10,2016,18,19,[18],6
CBP 1-4 DO,1,18,10,2016,18,19,[18],1
CBP 1-4 DO,1,18,10,2016,18,19,[18],2
CBP 1-4 DO,1,18,10,2016,18,19,[18],3
CBP 1-4 DO,1,18,10,2016,18,19,[18],4
CBP 1-4 DO,1,18,10,2016,18,19,[18],5
CBP 1-4 DO,1,18,10,2016,18,19,[18],6
CBP 1-4 DA,2,19,10,2016,17,19,"[17, 18]",1
CBP 1-4 DA,2,19,10,2016,17,19,"[17, 18]",2
CBP 1-4 DA,2,19,10,2016,17,19,"[17, 18]",4
CBP 1-4 DA,2,19,10,2016,17,19,"[17, 18]",5
CBP 1-4 DA,2,19,10,2016,17,19,"[17, 18]",6
CBP 1-4 DO,2,19,10,2016,17,19,"[17, 18]",1
CBP 1-4 DO,2,19,10,2016,17,19,"[17, 18]",2
CBP 1-4 DO,2,19,10,2016,17,19,"[17, 18]",4
CBP 1-4 DO,2,19,10,2016,17,19,"[17, 18]",5
CBP 1-4 DO,2,19,10,2016,17,19,"[17, 18]",6
CBP 1-4 DA,1,19,10,2016,18,19,[18],3
CBP 1-4 DO,1,19,10,2016,18,19,[18],3
CBP 1-4 DA,2,20,10,2016,17,19,"[17, 18]",1
CBP 1-4 DA,2,20,10,2016,17,19,"[17, 18]",2
CBP 1-4 DA,2,20,10,2016,17,19,"[17, 18]",3
CBP 1-4 DA,2,20,10,2016,17,19,"[17, 18]",4
CBP 1-4 DA,2,20,10,2016,17,19,"[17, 18]",5
CBP 1-4 DA,2,20,10,2016,17,19,"[17, 18]",6
CBP 1-4 DO,2,20,10,2016,17,19,"[17, 18]",1
CBP 1-4 DO,2,20,10,2016,17,19,"[17, 18]",2
CBP 1-4 DO,2,20,10,2016,17,19,"[17, 18]",3
CBP 1-4 DO,2,20,10,2016,17,19,"[17, 18]",4
CBP 1-4 DO,2,20,10,2016,17,19,"[17, 18]",5
CBP 1-4 DO,2,20,10,2016,17,19,"[17, 18]",6
CBP 1-4 DA,2,21,10,2016,17,19,"[17, 18]",4
CBP 1-4 DA,2,21,10,2016,17,19,"[17, 18]",5
CBP 1-4 DA,2,21,10,2016,17,19,"[17, 18]",6
CBP 1-4 DO,2,21,10,2016,17,19,"[17, 18]",4
CBP 1-4 DO,2,21,10,2016,17,19,"[17, 18]",5
CBP 1-4 DO,2,21,10,2016,17,19,"[17, 18]",6
CBP 1-4 DA,1,21,10,2016,18,19,[18],1
CBP 1-4 DA,1,21,10,2016,18,19,[18],2
CBP 1-4 DA,1,21,10,2016,18,19,[18],3
CBP 1-4 DO,1,21,10,2016,18,19,[18],1
CBP 1-4 DO,1,21,10,2016,18,19,[18],2
CBP 1-4 DO,1,21,10,2016,18,19,[18],3
CBP 1-4 DA,1,24,10,2016,18,19,[18],1
CBP 1-4 DA,1,24,10,2016,18,19,[18],2
CBP 1-4 DA,1,24,10,2016,18,19,[18],3
CBP 1-4 DA,1,24,10,2016,18,19,[18],4
CBP 1-4 DA,1,24,10,2016,18,19,[18],5
CBP 1-4 DA,1,24,10,2016,18,19,[18],6
CBP 1-4 DO,1,24,10,2016,18,19,[18],1
CBP 1-4 DO,1,24,10,2016,18,19,[18],4
CBP 1-4 DO,1,24,10,2016,18,19,[18],6
CBP 1-4 DA,1,25,10,2016,18,19,[18],1
CBP 1-4 DA,1,25,10,2016,18,19,[18],2
CBP 1-4 DA,1,25,10,2016,18,19,[18],3
CBP 1-4 DA,1,25,10,2016,18,19,[18],4
CBP 1-4 DA,1,25,10,2016,18,19,[18],5
CBP 1-4 DA,1,25,10,2016,18,19,[18],6
CBP 1-4 DO,1,25,10,2016,18,19,[18],1
CBP 1-4 DO,1,25,10,2016,18,19,[18],2
CBP 1-4 DO,1,25,10,2016,18,19,[18],3
CBP 1-4 DO,1,25,10,2016,18,19,[18],4
CBP 1-4 DO,1,25,10,2016,18,19,[18],5
CBP 1-4 DO,1,25,10,2016,18,19,[18],6
CBP 1-4 DA,1,26,10,2016,18,19,[18],1
CBP 1-4 DA,1,26,10,2016,18,19,[18],2
CBP 1-4 DA,1,26,10,2016,18,19,[18],3
CBP 1-4 DA,1,26,10,2016,18,19,[18],4
CBP 1-4 DA,1,26,10,2016,18,19,[18],5
CBP 1-4 DA,1,26,10,2016,18,19,[18],6
CBP 1-4 DO,1,26,10,2016,18,19,[18],1
CBP 1-4 DO,1,26,10,2016,18,19,[18],2
CBP 1-4 DO,1,26,10,2016,18,19,[18],3
CBP 1-4 DO,1,26,10,2016,18,19,[18],4
CBP 1-4 DO,1,26,10,2016,18,19,[18],5
CBP 1-4 DO,1,26,10,2016,18,19,[18],6
CBP 1-4 DA,2,27,10,2016,17,19,"[17, 18]",3
CBP 1-4 DO,2,27,10,2016,17,19,"[17, 18]",3
CBP 1-4 DA,1,27,10,2016,18,19,[18],1
CBP 1-4 DA,1,27,10,2016,18,19,[18],2
CBP 1-4 DA,1,27,10,2016,18,19,[18],4
CBP 1-4 DA,1,27,10,2016,18,19,[18],5
CBP 1-4 DA,1,27,10,2016,18,19,[18],6
CBP 1-4 DO,1,27,10,2016,18,19,[18],1
CBP 1-4 DO,1,27,10,2016,18,19,[18],2
CBP 1-4 DO,1,27,10,2016,18,19,[18],4
CBP 1-4 DO,1,27,10,2016,18,19,[18],5
CBP 1-4 DO,1,27,10,2016,18,19,[18],6
CBP 1-4 DA,1,28,10,2016,18,19,[18],1
CBP 1-4 DA,1,28,10,2016,18,19,[18],2
CBP 1-4 DA,1,28,10,2016,18,19,[18],3
CBP 1-4 DA,1,28,10,2016,18,19,[18],4
CBP 1-4 DA,1,28,10,2016,18,19,[18],5
CBP 1-4 DA,1,28,10,2016,18,19,[18],6
CBP 1-4 DO,1,28,10,2016,18,19,[18],1
CBP 1-4 DO,1,28,10,2016,18,19,[18],2
CBP 1-4 DO,1,28,10,2016,18,19,[18],3
CBP 1-4 DO,1,28,10,2016,18,19,[18],4
CBP 1-4 DO,1,28,10,2016,18,19,[18],5
CBP 1-4 DO,1,28,10,2016,18,19,[18],6
CBP 1-4 DA,1,31,10,2016,18,19,[18],1
CBP 1-4 DA,1,31,10,2016,18,19,[18],2
CBP 1-4 DA,1,31,10,2016,18,19,[18],3
CBP 1-4 DA,1,31,10,2016,18,19,[18],4
CBP 1-4 DA,1,31,10,2016,18,19,[18],5
CBP 1-4 DA,1,31,10,2016,18,19,[18],6
CBP 1-4 DO,2,7,11,2016,17,19,"[17, 18]",1
CBP 1-4 DO,2,7,11,2016,17,19,"[17, 18]",2
CBP 1-4 DO,2,7,11,2016,17,19,"[17, 18]",6
CBP 1-4 DO,1,7,11,2016,18,19,[18],4
CBP 1-4 DO,3,8,11,2016,16,19,"[16, 17, 18]",1
CBP 1-4 DO,3,8,11,2016,16,19,"[16, 17, 18]",2
CBP 1-4 DO,3,8,11,2016,16,19,"[16, 17, 18]",6
CBP 1-4 DO,1,8,11,2016,18,19,[18],4
CBP 1-4 DO,3,9,11,2016,16,19,"[16, 17, 18]",1
CBP 1-4 DO,3,9,11,2016,16,19,"[16, 17, 18]",2
CBP 1-4 DO,3,9,11,2016,16,19,"[16, 17, 18]",6
CBP 1-4 DO,2,9,11,2016,17,19,"[17, 18]",4
CBP 1-4 DO,1,9,11,2016,18,19,[18],5
CBP 1-4 DO,3,10,11,2016,16,19,"[16, 17, 18]",1
CBP 1-4 DO,3,10,11,2016,16,19,"[16, 17, 18]",2
CBP 1-4 DO,3,10,11,2016,16,19,"[16, 17, 18]",6
CBP 1-4 DO,1,10,11,2016,17,18,[17],4
CBP 1-4 DO,2,10,11,2016,17,19,"[17, 18]",5
CBP 1-4 DO,2,14,11,2016,16,18,"[16, 17]",4
CBP 1-4 DO,3,14,11,2016,16,19,"[16, 17, 18]",1
CBP 1-4 DO,3,14,11,2016,16,19,"[16, 17, 18]",2
CBP 1-4 DO,3,14,11,2016,16,19,"[16, 17, 18]",6
CBP 1-4 DO,1,14,11,2016,17,18,[17],5
CBP 1-4 DO,1,15,11,2016,17,18,[17],4
CBP 1-4 DO,1,15,11,2016,17,18,[17],5
CBP 1-4 DO,2,15,11,2016,17,19,"[17, 18]",1
CBP 1-4 DO,2,15,11,2016,17,19,"[17, 18]",2
CBP 1-4 DO,2,15,11,2016,17,19,"[17, 18]",6
CBP 1-4 DO,2,16,11,2016,16,18,"[16, 17]",1
CBP 1-4 DO,2,16,11,2016,16,18,"[16, 17]",2
CBP 1-4 DO,1,16,11,2016,17,18,[17],6
CBP 1-4 DO,3,17,11,2016,16,19,"[16, 17, 18]",1
CBP 1-4 DO,3,17,11,2016,16,19,"[16, 17, 18]",2
CBP 1-4 DO,2,17,11,2016,17,19,"[17, 18]",6
CBP 1-4 DO,3,18,11,2016,16,19,"[16, 17, 18]",1
CBP 1-4 DO,3,18,11,2016,16,19,"[16, 17, 18]",2
CBP 1-4 DO,1,18,11,2016,17,18,[17],6
CBP 1-4 DO,1,21,11,2016,17,18,[17],1
CBP 1-4 DO,1,21,11,2016,17,18,[17],2
CBP 1-4 DO,1,21,11,2016,17,18,[17],6
CBP 1-4 DO,1,22,11,2016,17,18,[17],1
CBP 1-4 DO,1,22,11,2016,17,18,[17],2
CBP 1-4 DO,1,22,11,2016,17,18,[17],4
CBP 1-4 DO,1,22,11,2016,17,18,[17],5
CBP 1-4 DO,2,22,11,2016,17,19,"[17, 18]",6
CBP 1-4 DO,1,23,11,2016,17,18,[17],1
CBP 1-4 DO,1,23,11,2016,17,18,[17],2
CBP 1-4 DO,1,25,11,2016,17,18,[17],1
CBP 1-4 DO,1,25,11,2016,17,18,[17],2
CBP 1-4 DO,1,28,11,2016,17,18,[17],1
CBP 1-4 DO,1,28,11,2016,17,18,[17],2
CBP 1-4 DO,1,28,11,2016,17,18,[17],6
CBP 1-4 DO,1,29,11,2016,17,18,[17],1
CBP 1-4 DO,1,29,11,2016,17,18,[17],2
CBP 1-4 DO,1,29,11,2016,17,18,[17],4
CBP 1-4 DO,1,29,11,2016,17,18,[17],5
CBP 1-4 DO,2,29,11,2016,17,19,"[17, 18]",6
CBP 1-4 DO,1,30,11,2016,17,18,[17],6
CBP 1-4 DO,1,7,12,2016,17,18,[17],1
CBP 1-4 DO,1,7,3,2017,18,19,[18],1
CBP 1-4 DO,1,7,3,2017,18,19,[18],5
CBP 1-4 DO,1,9,3,2017,18,19,[18],1
CBP 1-4 DO,1,9,3,2017,18,19,[18],5
CBP 1-4 DA,1,3,5,2017,18,19,[18],1
CBP 1-4 DA,1,3,5,2017,18,19,[18],2
CBP 1-4 DA,1,3,5,2017,18,19,[18],4
CBP 1-4 DA,1,3,5,2017,18,19,[18],6
CBP 1-4 DO,1,3,5,2017,18,19,[18],1
CBP 1-4 DO,1,3,5,2017,18,19,[18],2
CBP 1-4 DO,1,3,5,2017,18,19,[18],4
CBP 1-4 DO,1,3,5,2017,18,19,[18],5
CBP 1-4 DO,1,3,5,2017,18,19,[18],6
CBP 1-4 DA,1,4,5,2017,18,19,[18],1
CBP 1-4 DA,1,4,5,2017,18,19,[18],2
CBP 1-4 DA,1,4,5,2017,18,19,[18],6
CBP 1-4 DO,1,4,5,2017,18,19,[18],1
CBP 1-4 DO,1,4,5,2017,18,19,[18],2
CBP 1-4 DO,1,4,5,2017,18,19,[18],5
CBP 1-4 DO,1,4,5,2017,18,19,[18],6
CBP 1-4 DO,2,22,5,2017,17,19,"[17, 18]",1
CBP 1-4 DO,2,22,5,2017,17,19,"[17, 18]",2
CBP 1-4 DO,2,22,5,2017,17,19,"[17, 18]",5
CBP 1-4 DO,2,22,5,2017,17,19,"[17, 18]",6
CBP 1-4 DO,1,22,5,2017,18,19,[18],4
CBP 1-4 DA,1,23,5,2017,18,19,[18],1
CBP 1-4 DA,1,23,5,2017,18,19,[18],2
CBP 1-4 DA,1,23,5,2017,18,19,[18],4
CBP 1-4 DA,1,23,5,2017,18,19,[18],6
CBP 1-4 DO,1,23,5,2017,18,19,[18],1
CBP 1-4 DO,1,23,5,2017,18,19,[18],2
CBP 1-4 DO,1,23,5,2017,18,19,[18],4
CBP 1-4 DO,1,23,5,2017,18,19,[18],5
CBP 1-4 DO,1,23,5,2017,18,19,[18],6
CBP 1-4 DO,4,19,6,2017,15,19,"[15, 16, 17, 18]",6
CBP 1-4 DO,3,19,6,2017,16,19,"[16, 17, 18]",1
CBP 1-4 DO,3,19,6,2017,16,19,"[16, 17, 18]",2
CBP 1-4 DO,3,19,6,2017,16,19,"[16, 17, 18]",4
CBP 1-4 DO,3,19,6,2017,16,19,"[16, 17, 18]",5
CBP 1-4 DA,4,20,6,2017,15,19,"[15, 16, 17, 18]",1
CBP 1-4 DA,4,20,6,2017,15,19,"[15, 16, 17, 18]",2
CBP 1-4 DA,4,20,6,2017,15,19,"[15, 16, 17, 18]",4
CBP 1-4 DA,4,20,6,2017,15,19,"[15, 16, 17, 18]",5
CBP 1-4 DA,4,20,6,2017,15,19,"[15, 16, 17, 18]",6
CBP 1-4 DO,4,20,6,2017,15,19,"[15, 16, 17, 18]",1
CBP 1-4 DO,4,20,6,2017,15,19,"[15, 16, 17, 18]",2
CBP 1-4 DO,4,20,6,2017,15,19,"[15, 16, 17, 18]",4
CBP 1-4 DO,4,20,6,2017,15,19,"[15, 16, 17, 18]",5
CBP 1-4 DO,4,20,6,2017,15,19,"[15, 16, 17, 18]",6
CBP 4-8 DA,4,20,6,2017,15,19,"[15, 16, 17, 18]",1
CBP 4-8 DA,4,20,6,2017,15,19,"[15, 16, 17, 18]",6
CBP 4-8 DA,5,21,6,2017,14,19,"[14, 15, 16, 17, 18]",1
CBP 4-8 DA,5,21,6,2017,14,19,"[14, 15, 16, 17, 18]",6
CBP 1-4 DA,4,21,6,2017,15,19,"[15, 16, 17, 18]",1
CBP 1-4 DA,4,21,6,2017,15,19,"[15, 16, 17, 18]",2
CBP 1-4 DA,4,21,6,2017,15,19,"[15, 16, 17, 18]",4
CBP 1-4 DA,4,21,6,2017,15,19,"[15, 16, 17, 18]",5
CBP 1-4 DA,4,21,6,2017,15,19,"[15, 16, 17, 18]",6
CBP 1-4 DO,4,21,6,2017,15,19,"[15, 16, 17, 18]",1
CBP 1-4 DO,4,21,6,2017,15,19,"[15, 16, 17, 18]",2
CBP 1-4 DO,4,21,6,2017,15,19,"[15, 16, 17, 18]",4
CBP 1-4 DO,4,21,6,2017,15,19,"[15, 16, 17, 18]",5
CBP 1-4 DO,4,21,6,2017,15,19,"[15, 16, 17, 18]",6
CBP 1-4 DA,4,22,6,2017,15,19,"[15, 16, 17, 18]",1
CBP 1-4 DA,4,22,6,2017,15,19,"[15, 16, 17, 18]",2
CBP 1-4 DA,4,22,6,2017,15,19,"[15, 16, 17, 18]",4
CBP 1-4 DA,4,22,6,2017,15,19,"[15, 16, 17, 18]",5
CBP 1-4 DA,4,22,6,2017,15,19,"[15, 16, 17, 18]",6
CBP 1-4 DO,4,22,6,2017,15,19,"[15, 16, 17, 18]",1
CBP 1-4 DO,4,22,6,2017,15,19,"[15, 16, 17, 18]",2
CBP 1-4 DO,4,22,6,2017,15,19,"[15, 16, 17, 18]",4
CBP 1-4 DO,4,22,6,2017,15,19,"[15, 16, 17, 18]",5
CBP 1-4 DO,4,22,6,2017,15,19,"[15, 16, 17, 18]",6
CBP 4-8 DA,4,22,6,2017,15,19,"[15, 16, 17, 18]",1
CBP 4-8 DA,4,22,6,2017,15,19,"[15, 16, 17, 18]",6
CBP 1-4 DA,1,26,6,2017,17,18,[17],1
CBP 1-4 DA,1,26,6,2017,17,18,[17],2
CBP 1-4 DA,1,26,6,2017,17,18,[17],4
CBP 1-4 DA,1,26,6,2017,17,18,[17],5
CBP 1-4 DA,1,26,6,2017,17,18,[17],6
CBP 1-4 DA,1,3,7,2017,18,19,[18],1
CBP 1-4 DA,1,3,7,2017,18,19,[18],2
CBP 1-4 DA,1,3,7,2017,18,19,[18],4
CBP 1-4 DA,1,3,7,2017,18,19,[18],5
CBP 1-4 DA,1,3,7,2017,18,19,[18],6
CBP 1-4 DA,1,6,7,2017,18,19,[18],1
CBP 1-4 DA,1,6,7,2017,18,19,[18],2
CBP 1-4 DA,1,6,7,2017,18,19,[18],4
CBP 1-4 DA,1,6,7,2017,18,19,[18],5
CBP 1-4 DA,1,6,7,2017,18,19,[18],6
CBP 1-4 DO,1,6,7,2017,18,19,[18],1
CBP 1-4 DO,1,6,7,2017,18,19,[18],2
CBP 1-4 DO,1,6,7,2017,18,19,[18],4
CBP 1-4 DO,1,6,7,2017,18,19,[18],5
CBP 1-4 DO,1,6,7,2017,18,19,[18],6
CBP 1-4 DA,3,7,7,2017,16,19,"[16, 17, 18]",1
CBP 1-4 DA,3,7,7,2017,16,19,"[16, 17, 18]",2
CBP 1-4 DA,3,7,7,2017,16,19,"[16, 17, 18]",4
CBP 1-4 DA,3,7,7,2017,16,19,"[16, 17, 18]",5
CBP 1-4 DA,3,7,7,2017,16,19,"[16, 17, 18]",6
CBP 1-4 DO,3,7,7,2017,16,19,"[16, 17, 18]",1
CBP 1-4 DO,3,7,7,2017,16,19,"[16, 17, 18]",2
CBP 1-4 DO,3,7,7,2017,16,19,"[16, 17, 18]",4
CBP 1-4 DO,3,7,7,2017,16,19,"[16, 17, 18]",5
CBP 1-4 DO,3,7,7,2017,16,19,"[16, 17, 18]",6
CBP 1-4 DA,1,10,7,2017,18,19,[18],1
CBP 1-4 DA,1,10,7,2017,18,19,[18],2
CBP 1-4 DA,1,10,7,2017,18,19,[18],4
CBP 1-4 DA,1,10,7,2017,18,19,[18],5
CBP 1-4 DA,1,10,7,2017,18,19,[18],6
CBP 1-4 DO,1,10,7,2017,18,19,[18],1
CBP 1-4 DO,1,10,7,2017,18,19,[18],2
CBP 1-4 DO,1,10,7,2017,18,19,[18],4
CBP 1-4 DO,1,10,7,2017,18,19,[18],5
CBP 1-4 DO,1,10,7,2017,18,19,[18],6
CBP 1-4 DA,1,27,7,2017,18,19,[18],1
CBP 1-4 DA,1,27,7,2017,18,19,[18],2
CBP 1-4 DA,1,27,7,2017,18,19,[18],4
CBP 1-4 DA,1,27,7,2017,18,19,[18],5
CBP 1-4 DA,1,27,7,2017,18,19,[18],6
CBP 1-4 DO,1,27,7,2017,18,19,[18],1
CBP 1-4 DO,1,27,7,2017,18,19,[18],2
CBP 1-4 DO,1,27,7,2017,18,19,[18],4
CBP 1-4 DO,1,27,7,2017,18,19,[18],5
CBP 1-4 DO,1,27,7,2017,18,19,[18],6
CBP 1-4 DA,3,31,7,2017,16,19,"[16, 17, 18]",1
CBP 1-4 DA,3,31,7,2017,16,19,"[16, 17, 18]",2
CBP 1-4 DA,3,31,7,2017,16,19,"[16, 17, 18]",4
CBP 1-4 DA,3,31,7,2017,16,19,"[16, 17, 18]",5
CBP 1-4 DA,3,31,7,2017,16,19,"[16, 17, 18]",6
CBP 1-4 DO,2,31,7,2017,17,19,"[17, 18]",1
CBP 1-4 DO,2,31,7,2017,17,19,"[17, 18]",2
CBP 1-4 DO,2,31,7,2017,17,19,"[17, 18]",4
CBP 1-4 DO,2,31,7,2017,17,19,"[17, 18]",5
CBP 1-4 DO,2,31,7,2017,17,19,"[17, 18]",6
CBP 1-4 DA,4,1,8,2017,15,19,"[15, 16, 17, 18]",1
CBP 1-4 DA,4,1,8,2017,15,19,"[15, 16, 17, 18]",2
CBP 1-4 DA,4,1,8,2017,15,19,"[15, 16, 17, 18]",4
CBP 1-4 DA,4,1,8,2017,15,19,"[15, 16, 17, 18]",5
CBP 1-4 DA,4,1,8,2017,15,19,"[15, 16, 17, 18]",6
CBP 1-4 DO,4,1,8,2017,15,19,"[15, 16, 17, 18]",1
CBP 1-4 DO,4,1,8,2017,15,19,"[15, 16, 17, 18]",2
CBP 1-4 DO,4,1,8,2017,15,19,"[15, 16, 17, 18]",4
CBP 1-4 DO,4,1,8,2017,15,19,"[15, 16, 17, 18]",5
CBP 1-4 DO,4,1,8,2017,15,19,"[15, 16, 17, 18]",6
CBP 1-4 DA,4,2,8,2017,15,19,"[15, 16, 17, 18]",1
CBP 1-4 DA,4,2,8,2017,15,19,"[15, 16, 17, 18]",2
CBP 1-4 DA,4,2,8,2017,15,19,"[15, 16, 17, 18]",4
CBP 1-4 DA,4,2,8,2017,15,19,"[15, 16, 17, 18]",5
CBP 1-4 DA,4,2,8,2017,15,19,"[15, 16, 17, 18]",6
CBP 1-4 DO,4,2,8,2017,15,19,"[15, 16, 17, 18]",1
CBP 1-4 DO,4,2,8,2017,15,19,"[15, 16, 17, 18]",2
CBP 1-4 DO,4,2,8,2017,15,19,"[15, 16, 17, 18]",4
CBP 1-4 DO,4,2,8,2017,15,19,"[15, 16, 17, 18]",5
CBP 1-4 DO,4,2,8,2017,15,19,"[15, 16, 17, 18]",6
CBP 1-4 DA,4,3,8,2017,15,19,"[15, 16, 17, 18]",1
CBP 1-4 DA,4,3,8,2017,15,19,"[15, 16, 17, 18]",2
CBP 1-4 DA,4,3,8,2017,15,19,"[15, 16, 17, 18]",4
CBP 1-4 DA,4,3,8,2017,15,19,"[15, 16, 17, 18]",5
CBP 1-4 DA,4,3,8,2017,15,19,"[15, 16, 17, 18]",6
CBP 1-4 DO,4,3,8,2017,15,19,"[15, 16, 17, 18]",1
CBP 1-4 DO,4,3,8,2017,15,19,"[15, 16, 17, 18]",2
CBP 1-4 DO,4,3,8,2017,15,19,"[15, 16, 17, 18]",4
CBP 1-4 DO,4,3,8,2017,15,19,"[15, 16, 17, 18]",5
CBP 1-4 DO,4,3,8,2017,15,19,"[15, 16, 17, 18]",6
CBP 1-4 DA,1,7,8,2017,18,19,[18],1
CBP 1-4 DA,1,7,8,2017,18,19,[18],2
CBP 1-4 DA,1,7,8,2017,18,19,[18],4
CBP 1-4 DA,1,7,8,2017,18,19,[18],5
CBP 1-4 DA,1,7,8,2017,18,19,[18],6
CBP 1-4 DA,1,10,8,2017,18,19,[18],1
CBP 1-4 DA,1,10,8,2017,18,19,[18],2
CBP 1-4 DA,1,10,8,2017,18,19,[18],5
CBP 1-4 DA,1,10,8,2017,18,19,[18],6
CBP 1-4 DO,1,10,8,2017,18,19,[18],1
CBP 1-4 DO,1,10,8,2017,18,19,[18],2
CBP 1-4 DO,1,10,8,2017,18,19,[18],5
CBP 1-4 DO,1,10,8,2017,18,19,[18],6
CBP 1-4 DA,1,11,8,2017,18,19,[18],1
CBP 1-4 DA,1,11,8,2017,18,19,[18],2
CBP 1-4 DA,1,11,8,2017,18,19,[18],4
CBP 1-4 DA,1,11,8,2017,18,19,[18],5
CBP 1-4 DA,1,11,8,2017,18,19,[18],6
CBP 1-4 DO,1,11,8,2017,18,19,[18],1
CBP 1-4 DO,1,11,8,2017,18,19,[18],2
CBP 1-4 DO,1,11,8,2017,18,19,[18],4
CBP 1-4 DO,1,11,8,2017,18,19,[18],5
CBP 1-4 DO,1,11,8,2017,18,19,[18],6
CBP 1-4 DA,4,28,8,2017,15,19,"[15, 16, 17, 18]",1
CBP 1-4 DA,4,28,8,2017,15,19,"[15, 16, 17, 18]",2
CBP 1-4 DA,4,28,8,2017,15,19,"[15, 16, 17, 18]",4
CBP 1-4 DA,4,28,8,2017,15,19,"[15, 16, 17, 18]",5
CBP 1-4 DA,4,28,8,2017,15,19,"[15, 16, 17, 18]",6
CBP 1-4 DO,4,28,8,2017,15,19,"[15, 16, 17, 18]",1
CBP 1-4 DO,4,28,8,2017,15,19,"[15, 16, 17, 18]",2
CBP 1-4 DO,4,28,8,2017,15,19,"[15, 16, 17, 18]",4
CBP 1-4 DO,4,28,8,2017,15,19,"[15, 16, 17, 18]",5
CBP 1-4 DO,4,28,8,2017,15,19,"[15, 16, 17, 18]",6
CBP 1-4 DA,4,29,8,2017,15,19,"[15, 16, 17, 18]",1
CBP 1-4 DA,4,29,8,2017,15,19,"[15, 16, 17, 18]",2
CBP 1-4 DA,4,29,8,2017,15,19,"[15, 16, 17, 18]",4
CBP 1-4 DA,4,29,8,2017,15,19,"[15, 16, 17, 18]",5
CBP 1-4 DA,4,29,8,2017,15,19,"[15, 16, 17, 18]",6
CBP 1-4 DO,4,29,8,2017,15,19,"[15, 16, 17, 18]",1
CBP 1-4 DO,4,29,8,2017,15,19,"[15, 16, 17, 18]",2
CBP 1-4 DO,4,29,8,2017,15,19,"[15, 16, 17, 18]",4
CBP 1-4 DO,4,29,8,2017,15,19,"[15, 16, 17, 18]",5
CBP 1-4 DO,4,29,8,2017,15,19,"[15, 16, 17, 18]",6
CBP 1-4 DA,1,30,8,2017,18,19,[18],1
CBP 1-4 DA,1,30,8,2017,18,19,[18],2
CBP 1-4 DA,1,30,8,2017,18,19,[18],4
CBP 1-4 DA,1,30,8,2017,18,19,[18],5
CBP 1-4 DA,1,30,8,2017,18,19,[18],6
CBP 1-4 DO,1,30,8,2017,18,19,[18],1
CBP 1-4 DO,1,30,8,2017,18,19,[18],2
CBP 1-4 DO,1,30,8,2017,18,19,[18],4
CBP 1-4 DO,1,30,8,2017,18,19,[18],5
CBP 1-4 DO,1,30,8,2017,18,19,[18],6
CBP 1-4 DA,3,31,8,2017,16,19,"[16, 17, 18]",1
CBP 1-4 DA,3,31,8,2017,16,19,"[16, 17, 18]",2
CBP 1-4 DA,3,31,8,2017,16,19,"[16, 17, 18]",4
CBP 1-4 DA,3,31,8,2017,16,19,"[16, 17, 18]",5
CBP 1-4 DA,3,31,8,2017,16,19,"[16, 17, 18]",6
CBP 1-4 DO,3,31,8,2017,16,19,"[16, 17, 18]",1
CBP 1-4 DO,3,31,8,2017,16,19,"[16, 17, 18]",2
CBP 1-4 DO,3,31,8,2017,16,19,"[16, 17, 18]",4
CBP 1-4 DO,3,31,8,2017,16,19,"[16, 17, 18]",5
CBP 1-4 DO,3,31,8,2017,16,19,"[16, 17, 18]",6
CBP 4-8 DA,6,1,9,2017,13,19,"[13, 14, 15, 16, 17, 18]",1
CBP 4-8 DA,6,1,9,2017,13,19,"[13, 14, 15, 16, 17, 18]",6
CBP 1-4 DA,4,1,9,2017,15,19,"[15, 16, 17, 18]",1
CBP 1-4 DA,4,1,9,2017,15,19,"[15, 16, 17, 18]",2
CBP 1-4 DA,4,1,9,2017,15,19,"[15, 16, 17, 18]",4
CBP 1-4 DA,4,1,9,2017,15,19,"[15, 16, 17, 18]",5
CBP 1-4 DA,4,1,9,2017,15,19,"[15, 16, 17, 18]",6
CBP 1-4 DO,4,1,9,2017,15,19,"[15, 16, 17, 18]",1
CBP 1-4 DO,4,1,9,2017,15,19,"[15, 16, 17, 18]",2
CBP 1-4 DO,4,1,9,2017,15,19,"[15, 16, 17, 18]",4
CBP 1-4 DO,4,1,9,2017,15,19,"[15, 16, 17, 18]",5
CBP 1-4 DO,4,1,9,2017,15,19,"[15, 16, 17, 18]",6
CBP 1-4 DA,4,5,9,2017,15,19,"[15, 16, 17, 18]",1
CBP 1-4 DA,4,5,9,2017,15,19,"[15, 16, 17, 18]",2
CBP 1-4 DA,4,5,9,2017,15,19,"[15, 16, 17, 18]",4
CBP 1-4 DA,4,5,9,2017,15,19,"[15, 16, 17, 18]",5
CBP 1-4 DA,4,5,9,2017,15,19,"[15, 16, 17, 18]",6
CBP 4-8 DA,4,5,9,2017,15,19,"[15, 16, 17, 18]",1
CBP 4-8 DA,4,5,9,2017,15,19,"[15, 16, 17, 18]",6
CBP 1-4 DO,2,5,9,2017,17,19,"[17, 18]",1
CBP 1-4 DO,2,5,9,2017,17,19,"[17, 18]",2
CBP 1-4 DO,2,5,9,2017,17,19,"[17, 18]",4
CBP 1-4 DO,2,5,9,2017,17,19,"[17, 18]",5
CBP 1-4 DO,2,5,9,2017,17,19,"[17, 18]",6
CBP 1-4 DA,1,6,9,2017,18,19,[18],1
CBP 1-4 DA,1,6,9,2017,18,19,[18],2
CBP 1-4 DA,1,6,9,2017,18,19,[18],4
CBP 1-4 DA,1,6,9,2017,18,19,[18],5
CBP 1-4 DA,1,6,9,2017,18,19,[18],6
CBP 1-4 DO,1,6,9,2017,18,19,[18],1
CBP 1-4 DO,1,6,9,2017,18,19,[18],2
CBP 1-4 DO,1,6,9,2017,18,19,[18],4
CBP 1-4 DO,1,6,9,2017,18,19,[18],5
CBP 1-4 DO,1,6,9,2017,18,19,[18],6
CBP 1-4 DA,1,7,9,2017,18,19,[18],4
CBP 1-4 DA,1,7,9,2017,18,19,[18],5
CBP 1-4 DA,1,7,9,2017,18,19,[18],6
CBP 1-4 DO,1,7,9,2017,18,19,[18],4
CBP 1-4 DO,1,7,9,2017,18,19,[18],5
CBP 1-4 DO,1,7,9,2017,18,19,[18],6
CBP 1-4 DA,3,11,9,2017,16,19,"[16, 17, 18]",1
CBP 1-4 DA,3,11,9,2017,16,19,"[16, 17, 18]",2
CBP 1-4 DA,3,11,9,2017,16,19,"[16, 17, 18]",4
CBP 1-4 DA,3,11,9,2017,16,19,"[16, 17, 18]",5
CBP 1-4 DA,3,11,9,2017,16,19,"[16, 17, 18]",6
CBP 1-4 DO,2,11,9,2017,17,19,"[17, 18]",1
CBP 1-4 DO,2,11,9,2017,17,19,"[17, 18]",2
CBP 1-4 DO,2,11,9,2017,17,19,"[17, 18]",4
CBP 1-4 DO,2,11,9,2017,17,19,"[17, 18]",5
CBP 1-4 DO,2,11,9,2017,17,19,"[17, 18]",6
CBP 1-4 DA,1,12,9,2017,18,19,[18],1
CBP 1-4 DA,1,12,9,2017,18,19,[18],2
CBP 1-4 DA,1,12,9,2017,18,19,[18],4
CBP 1-4 DA,1,12,9,2017,18,19,[18],5
CBP 1-4 DA,1,12,9,2017,18,19,[18],6
CBP 1-4 DO,1,12,9,2017,18,19,[18],1
CBP 1-4 DO,1,12,9,2017,18,19,[18],2
CBP 1-4 DO,1,12,9,2017,18,19,[18],4
CBP 1-4 DO,1,12,9,2017,18,19,[18],5
CBP 1-4 DO,1,12,9,2017,18,19,[18],6
CBP 1-4 DA,1,13,9,2017,18,19,[18],6
CBP 1-4 DO,1,13,9,2017,18,19,[18],6
CBP 1-4 DA,1,26,9,2017,18,19,[18],1
CBP 1-4 DA,1,26,9,2017,18,19,[18],2
CBP 1-4 DA,1,26,9,2017,18,19,[18],4
CBP 1-4 DA,1,26,9,2017,18,19,[18],5
CBP 1-4 DA,1,26,9,2017,18,19,[18],6
CBP 1-4 DO,1,26,9,2017,18,19,[18],1
CBP 1-4 DO,1,26,9,2017,18,19,[18],2
CBP 1-4 DO,1,26,9,2017,18,19,[18],4
CBP 1-4 DO,1,26,9,2017,18,19,[18],5
CBP 1-4 DO,1,26,9,2017,18,19,[18],6
CBP 1-4 DA,1,27,9,2017,18,19,[18],1
CBP 1-4 DA,1,27,9,2017,18,19,[18],2
CBP 1-4 DA,1,27,9,2017,18,19,[18],6
CBP 1-4 DO,1,27,9,2017,18,19,[18],1
CBP 1-4 DO,1,27,9,2017,18,19,[18],2
CBP 1-4 DO,1,27,9,2017,18,19,[18],6
CBP 1-4 DA,1,28,9,2017,18,19,[18],1
CBP 1-4 DA,1,28,9,2017,18,19,[18],2
CBP 1-4 DA,1,28,9,2017,18,19,[18],6
CBP 1-4 DO,1,28,9,2017,18,19,[18],1
CBP 1-4 DO,1,28,9,2017,18,19,[18],2
CBP 1-4 DO,1,28,9,2017,18,19,[18],6
CBP 1-4 DA,1,6,10,2017,18,19,[18],1
CBP 1-4 DA,1,6,10,2017,18,19,[18],2
CBP 1-4 DA,1,6,10,2017,18,19,[18],6
CBP 1-4 DO,1,6,10,2017,18,19,[18],1
CBP 1-4 DO,1,6,10,2017,18,19,[18],2
CBP 1-4 DO,1,6,10,2017,18,19,[18],6
CBP 1-4 DO,1,9,10,2017,18,19,[18],1
CBP 1-4 DO,1,9,10,2017,18,19,[18],2
CBP 1-4 DO,1,9,10,2017,18,19,[18],6
CBP 1-4 DA,1,10,10,2017,18,19,[18],1
CBP 1-4 DA,1,10,10,2017,18,19,[18],2
CBP 1-4 DA,1,10,10,2017,18,19,[18],6
CBP 1-4 DO,1,10,10,2017,18,19,[18],1
CBP 1-4 DO,1,10,10,2017,18,19,[18],2
CBP 1-4 DO,1,10,10,2017,18,19,[18],6
CBP 1-4 DA,1,11,10,2017,18,19,[18],2
CBP 1-4 DO,1,11,10,2017,18,19,[18],2
CBP 1-4 DA,1,12,10,2017,18,19,[18],2
CBP 1-4 DO,1,12,10,2017,18,19,[18],2
CBP 1-4 DO,2,16,10,2017,17,19,"[17, 18]",1
CBP 1-4 DO,2,16,10,2017,17,19,"[17, 18]",2
CBP 1-4 DO,2,16,10,2017,17,19,"[17, 18]",4
CBP 1-4 DO,2,16,10,2017,17,19,"[17, 18]",5
CBP 1-4 DO,2,16,10,2017,17,19,"[17, 18]",6
CBP 1-4 DA,1,16,10,2017,18,19,[18],1
CBP 1-4 DA,1,16,10,2017,18,19,[18],2
CBP 1-4 DA,1,16,10,2017,18,19,[18],4
CBP 1-4 DA,1,16,10,2017,18,19,[18],5
CBP 1-4 DA,1,16,10,2017,18,19,[18],6
CBP 1-4 DA,2,17,10,2017,17,19,"[17, 18]",1
CBP 1-4 DA,2,17,10,2017,17,19,"[17, 18]",2
CBP 1-4 DA,2,17,10,2017,17,19,"[17, 18]",4
CBP 1-4 DA,2,17,10,2017,17,19,"[17, 18]",5
CBP 1-4 DA,2,17,10,2017,17,19,"[17, 18]",6
CBP 1-4 DO,2,17,10,2017,17,19,"[17, 18]",1
CBP 1-4 DO,2,17,10,2017,17,19,"[17, 18]",2
CBP 1-4 DO,2,17,10,2017,17,19,"[17, 18]",4
CBP 1-4 DO,2,17,10,2017,17,19,"[17, 18]",5
CBP 1-4 DO,2,17,10,2017,17,19,"[17, 18]",6
CBP 1-4 DA,2,18,10,2017,17,19,"[17, 18]",4
CBP 1-4 DA,2,18,10,2017,17,19,"[17, 18]",5
CBP 1-4 DA,2,18,10,2017,17,19,"[17, 18]",6
CBP 1-4 DO,2,18,10,2017,17,19,"[17, 18]",4
CBP 1-4 DO,2,18,10,2017,17,19,"[17, 18]",5
CBP 1-4 DO,2,18,10,2017,17,19,"[17, 18]",6
CBP 1-4 DA,1,18,10,2017,18,19,[18],1
CBP 1-4 DA,1,18,10,2017,18,19,[18],2
CBP 1-4 DO,1,18,10,2017,18,19,[18],1
CBP 1-4 DO,1,18,10,2017,18,19,[18],2
CBP 1-4 DO,3,23,10,2017,16,19,"[16, 17, 18]",1
CBP 1-4 DO,3,23,10,2017,16,19,"[16, 17, 18]",6
CBP 1-4 DA,2,23,10,2017,17,19,"[17, 18]",1
CBP 1-4 DA,2,23,10,2017,17,19,"[17, 18]",2
CBP 1-4 DA,2,23,10,2017,17,19,"[17, 18]",4
CBP 1-4 DA,2,23,10,2017,17,19,"[17, 18]",5
CBP 1-4 DA,2,23,10,2017,17,19,"[17, 18]",6
CBP 1-4 DO,2,23,10,2017,17,19,"[17, 18]",2
CBP 1-4 DO,2,23,10,2017,17,19,"[17, 18]",4
CBP 1-4 DO,2,23,10,2017,17,19,"[17, 18]",5
CBP 4-8 DA,7,24,10,2017,12,19,"[12, 13, 14, 15, 16, 17, 18]",1
CBP 4-8 DA,7,24,10,2017,12,19,"[12, 13, 14, 15, 16, 17, 18]",6
CBP 1-4 DA,4,24,10,2017,15,19,"[15, 16, 17, 18]",1
CBP 1-4 DA,4,24,10,2017,15,19,"[15, 16, 17, 18]",2
CBP 1-4 DA,4,24,10,2017,15,19,"[15, 16, 17, 18]",4
CBP 1-4 DA,4,24,10,2017,15,19,"[15, 16, 17, 18]",5
CBP 1-4 DA,4,24,10,2017,15,19,"[15, 16, 17, 18]",6
CBP 1-4 DO,4,24,10,2017,15,19,"[15, 16, 17, 18]",1
CBP 1-4 DO,4,24,10,2017,15,19,"[15, 16, 17, 18]",2
CBP 1-4 DO,4,24,10,2017,15,19,"[15, 16, 17, 18]",4
CBP 1-4 DO,4,24,10,2017,15,19,"[15, 16, 17, 18]",5
CBP 1-4 DO,4,24,10,2017,15,19,"[15, 16, 17, 18]",6
CBP 1-4 DA,2,25,10,2017,17,19,"[17, 18]",1
CBP 1-4 DA,2,25,10,2017,17,19,"[17, 18]",2
CBP 1-4 DA,2,25,10,2017,17,19,"[17, 18]",4
CBP 1-4 DA,2,25,10,2017,17,19,"[17, 18]",5
CBP 1-4 DA,2,25,10,2017,17,19,"[17, 18]",6
CBP 1-4 DO,2,25,10,2017,17,19,"[17, 18]",1
CBP 1-4 DO,2,25,10,2017,17,19,"[17, 18]",2
CBP 1-4 DO,2,25,10,2017,17,19,"[17, 18]",4
CBP 1-4 DO,2,25,10,2017,17,19,"[17, 18]",5
CBP 1-4 DO,2,25,10,2017,17,19,"[17, 18]",6
CBP 1-4 DA,1,26,10,2017,18,19,[18],1
CBP 1-4 DA,1,26,10,2017,18,19,[18],2
CBP 1-4 DA,1,26,10,2017,18,19,[18],4
CBP 1-4 DA,1,26,10,2017,18,19,[18],5
CBP 1-4 DA,1,26,10,2017,18,19,[18],6
CBP 1-4 DO,1,26,10,2017,18,19,[18],1
CBP 1-4 DO,1,26,10,2017,18,19,[18],2
CBP 1-4 DO,1,26,10,2017,18,19,[18],4
CBP 1-4 DO,1,26,10,2017,18,19,[18],5
CBP 1-4 DO,1,26,10,2017,18,19,[18],6
CBP 1-4 DA,2,27,10,2017,17,19,"[17, 18]",1
CBP 1-4 DA,2,27,10,2017,17,19,"[17, 18]",2
CBP 1-4 DA,2,27,10,2017,17,19,"[17, 18]",4
CBP 1-4 DA,2,27,10,2017,17,19,"[17, 18]",5
CBP 1-4 DA,2,27,10,2017,17,19,"[17, 18]",6
CBP 1-4 DO,2,27,10,2017,17,19,"[17, 18]",1
CBP 1-4 DO,2,27,10,2017,17,19,"[17, 18]",2
CBP 1-4 DO,2,27,10,2017,17,19,"[17, 18]",4
CBP 1-4 DO,2,27,10,2017,17,19,"[17, 18]",5
CBP 1-4 DO,2,27,10,2017,17,19,"[17, 18]",6
CBP 1-4 DA,2,30,10,2017,17,19,"[17, 18]",4
CBP 1-4 DA,2,30,10,2017,17,19,"[17, 18]",5
CBP 1-4 DA,1,30,10,2017,18,19,[18],1
CBP 1-4 DA,1,30,10,2017,18,19,[18],2
CBP 1-4 DA,1,30,10,2017,18,19,[18],6
CBP 1-4 DA,1,31,10,2017,18,19,[18],1
CBP 1-4 DA,1,31,10,2017,18,19,[18],2
CBP 1-4 DA,1,31,10,2017,18,19,[18],5
CBP 1-4 DA,1,31,10,2017,18,19,[18],6
CBP 1-4 DO,1,31,10,2017,18,19,[18],1
CBP 1-4 DO,1,31,10,2017,18,19,[18],2
CBP 1-4 DO,1,31,10,2017,18,19,[18],5
CBP 1-4 DO,1,31,10,2017,18,19,[18],6
CBP 1-4 DA,1,1,11,2017,18,19,[18],1
CBP 1-4 DA,1,1,11,2017,18,19,[18],6
CBP 1-4 DO,1,1,11,2017,18,19,[18],1
CBP 1-4 DO,1,1,11,2017,18,19,[18],2
CBP 1-4 DO,1,1,11,2017,18,19,[18],4
CBP 1-4 DO,1,1,11,2017,18,19,[18],5
CBP 1-4 DO,1,1,11,2017,18,19,[18],6
CBP 1-4 DA,1,2,11,2017,18,19,[18],1
CBP 1-4 DA,1,2,11,2017,18,19,[18],6
CBP 1-4 DO,1,2,11,2017,18,19,[18],1
CBP 1-4 DO,1,2,11,2017,18,19,[18],2
CBP 1-4 DO,1,2,11,2017,18,19,[18],4
CBP 1-4 DO,1,2,11,2017,18,19,[18],5
CBP 1-4 DO,1,2,11,2017,18,19,[18],6
CBP 1-4 DA,1,3,11,2017,18,19,[18],1
CBP 1-4 DA,1,3,11,2017,18,19,[18],6
CBP 1-4 DO,1,3,11,2017,18,19,[18],1
CBP 1-4 DO,1,3,11,2017,18,19,[18],2
CBP 1-4 DO,1,3,11,2017,18,19,[18],4
CBP 1-4 DO,1,3,11,2017,18,19,[18],5
CBP 1-4 DO,1,3,11,2017,18,19,[18],6
CBP 1-4 DO,2,6,11,2017,17,19,"[17, 18]",1
CBP 1-4 DO,2,6,11,2017,17,19,"[17, 18]",2
CBP 1-4 DO,2,6,11,2017,17,19,"[17, 18]",4
CBP 1-4 DO,2,6,11,2017,17,19,"[17, 18]",5
CBP 1-4 DO,2,6,11,2017,17,19,"[17, 18]",6
CBP 1-4 DA,1,6,11,2017,18,19,[18],1
CBP 1-4 DA,1,6,11,2017,18,19,[18],6
CBP 1-4 DA,2,7,11,2017,17,19,"[17, 18]",1
CBP 1-4 DA,2,7,11,2017,17,19,"[17, 18]",6
CBP 1-4 DO,2,7,11,2017,17,19,"[17, 18]",1
CBP 1-4 DO,2,7,11,2017,17,19,"[17, 18]",2
CBP 1-4 DO,2,7,11,2017,17,19,"[17, 18]",4
CBP 1-4 DO,2,7,11,2017,17,19,"[17, 18]",5
CBP 1-4 DO,2,7,11,2017,17,19,"[17, 18]",6
CBP 1-4 DA,3,8,11,2017,16,19,"[16, 17, 18]",1
CBP 1-4 DA,3,8,11,2017,16,19,"[16, 17, 18]",6
CBP 1-4 DO,3,8,11,2017,16,19,"[16, 17, 18]",1
CBP 1-4 DO,3,8,11,2017,16,19,"[16, 17, 18]",2
CBP 1-4 DO,3,8,11,2017,16,19,"[16, 17, 18]",4
CBP 1-4 DO,3,8,11,2017,16,19,"[16, 17, 18]",5
CBP 1-4 DO,3,8,11,2017,16,19,"[16, 17, 18]",6
CBP 1-4 DA,2,9,11,2017,17,19,"[17, 18]",1
CBP 1-4 DA,2,9,11,2017,17,19,"[17, 18]",6
CBP 1-4 DO,2,9,11,2017,17,19,"[17, 18]",1
CBP 1-4 DO,2,9,11,2017,17,19,"[17, 18]",2
CBP 1-4 DO,2,9,11,2017,17,19,"[17, 18]",4
CBP 1-4 DO,2,9,11,2017,17,19,"[17, 18]",5
CBP 1-4 DO,2,9,11,2017,17,19,"[17, 18]",6
CBP 1-4 DA,1,10,11,2017,17,18,[17],1
CBP 1-4 DO,1,10,11,2017,17,18,[17],1
CBP 1-4 DO,1,10,11,2017,17,18,[17],2
CBP 1-4 DO,1,10,11,2017,17,18,[17],4
CBP 1-4 DO,1,10,11,2017,17,18,[17],5
CBP 1-4 DA,2,10,11,2017,17,19,"[17, 18]",6
CBP 1-4 DO,2,10,11,2017,17,19,"[17, 18]",6
CBP 1-4 DO,3,13,11,2017,16,19,"[16, 17, 18]",1
CBP 1-4 DO,3,13,11,2017,16,19,"[16, 17, 18]",4
CBP 1-4 DO,3,13,11,2017,16,19,"[16, 17, 18]",5
CBP 1-4 DO,3,13,11,2017,16,19,"[16, 17, 18]",6
CBP 1-4 DO,1,13,11,2017,17,18,[17],2
CBP 1-4 DA,2,13,11,2017,17,19,"[17, 18]",1
CBP 1-4 DA,2,13,11,2017,17,19,"[17, 18]",6
CBP 1-4 DO,1,14,11,2017,17,18,[17],2
CBP 1-4 DA,2,14,11,2017,17,19,"[17, 18]",1
CBP 1-4 DA,2,14,11,2017,17,19,"[17, 18]",6
CBP 1-4 DO,2,14,11,2017,17,19,"[17, 18]",1
CBP 1-4 DO,2,14,11,2017,17,19,"[17, 18]",4
CBP 1-4 DO,2,14,11,2017,17,19,"[17, 18]",5
CBP 1-4 DO,2,14,11,2017,17,19,"[17, 18]",6
CBP 1-4 DA,1,15,11,2017,17,18,[17],1
CBP 1-4 DA,1,15,11,2017,17,18,[17],6
CBP 1-4 DO,1,15,11,2017,17,18,[17],1
CBP 1-4 DO,1,15,11,2017,17,18,[17],2
CBP 1-4 DO,1,15,11,2017,17,18,[17],4
CBP 1-4 DO,1,15,11,2017,17,18,[17],5
CBP 1-4 DO,1,15,11,2017,17,18,[17],6
CBP 1-4 DA,1,20,11,2017,17,18,[17],1
CBP 1-4 DA,1,20,11,2017,17,18,[17],6
CBP 1-4 DO,1,20,11,2017,17,18,[17],2
CBP 1-4 DO,2,20,11,2017,17,19,"[17, 18]",1
CBP 1-4 DO,2,20,11,2017,17,19,"[17, 18]",4
CBP 1-4 DO,2,20,11,2017,17,19,"[17, 18]",5
CBP 1-4 DO,2,20,11,2017,17,19,"[17, 18]",6
CBP 1-4 DA,3,21,11,2017,16,19,"[16, 17, 18]",1
CBP 1-4 DA,3,21,11,2017,16,19,"[16, 17, 18]",6
CBP 1-4 DO,3,21,11,2017,16,19,"[16, 17, 18]",1
CBP 1-4 DO,3,21,11,2017,16,19,"[16, 17, 18]",4
CBP 1-4 DO,3,21,11,2017,16,19,"[16, 17, 18]",5
CBP 1-4 DO,3,21,11,2017,16,19,"[16, 17, 18]",6
CBP 1-4 DO,1,21,11,2017,17,18,[17],2
CBP 1-4 DO,2,22,11,2017,16,18,"[16, 17]",5
CBP 1-4 DA,3,22,11,2017,16,19,"[16, 17, 18]",1
CBP 1-4 DA,3,22,11,2017,16,19,"[16, 17, 18]",6
CBP 1-4 DO,3,22,11,2017,16,19,"[16, 17, 18]",1
CBP 1-4 DO,3,22,11,2017,16,19,"[16, 17, 18]",4
CBP 1-4 DO,3,22,11,2017,16,19,"[16, 17, 18]",6
CBP 1-4 DO,1,22,11,2017,17,18,[17],2
CBP 1-4 DO,1,1,12,2017,17,18,[17],1
CBP 1-4 DO,1,1,12,2017,17,18,[17],4
CBP 1-4 DO,1,1,12,2017,17,18,[17],6
CBP 1-4 DO,2,7,12,2017,17,19,"[17, 18]",6
CBP 1-4 DO,1,8,12,2017,17,18,[17],6
CBP 1-4 DO,1,11,12,2017,17,18,[17],1
CBP 1-4 DO,1,11,12,2017,17,18,[17],6
CBP 1-4 DO,1,12,12,2017,17,18,[17],1
CBP 1-4 DO,1,12,12,2017,17,18,[17],6
CBP 1-4 DO,1,13,12,2017,17,18,[17],1
CBP 1-4 DO,1,13,12,2017,17,18,[17],4
CBP 1-4 DO,1,13,12,2017,17,18,[17],5
CBP 1-4 DO,1,13,12,2017,17,18,[17],6
CBP 1-4 DO,2,26,12,2017,17,19,"[17, 18]",6
CBP 1-4 DO,2,28,12,2017,17,19,"[17, 18]",1
CBP 1-4 DO,2,28,12,2017,17,19,"[17, 18]",6
CBP 1-4 DO,2,29,12,2017,17,19,"[17, 18]",1
CBP 1-4 DO,2,29,12,2017,17,19,"[17, 18]",6
CBP 1-6 DA,1,29,5,2018,18,19,[18],1
CBP 1-6 DA,1,29,5,2018,18,19,[18],4
CBP 1-6 DA,1,29,5,2018,18,19,[18],5
CBP 1-6 DA,1,29,5,2018,18,19,[18],6
CBP 1-6 DO,3,4,6,2018,14,17,"[14, 15, 16]",6
CBP 1-6 DA,2,4,6,2018,17,19,"[17, 18]",1
CBP 1-6 DA,2,4,6,2018,17,19,"[17, 18]",4
CBP 1-6 DA,2,4,6,2018,17,19,"[17, 18]",5
CBP 1-6 DA,2,4,6,2018,17,19,"[17, 18]",6
CBP 1-6 DA,3,12,6,2018,16,19,"[16, 17, 18]",6
CBP 1-6 DO,3,12,6,2018,16,19,"[16, 17, 18]",6
CBP 1-6 DA,6,6,7,2018,13,19,"[13, 14, 15, 16, 17, 18]",6
CBP 1-6 DO,6,6,7,2018,13,19,"[13, 14, 15, 16, 17, 18]",6
CBP 1-6 DA,5,6,7,2018,14,19,"[14, 15, 16, 17, 18]",1
CBP 1-6 DO,5,6,7,2018,14,19,"[14, 15, 16, 17, 18]",1
CBP 1-6 DA,3,6,7,2018,16,19,"[16, 17, 18]",4
CBP 1-6 DA,3,6,7,2018,16,19,"[16, 17, 18]",5
CBP 1-6 DO,3,6,7,2018,16,19,"[16, 17, 18]",2
CBP 1-6 DO,3,6,7,2018,16,19,"[16, 17, 18]",4
CBP 1-6 DO,3,6,7,2018,16,19,"[16, 17, 18]",5
CBP 1-6 DO,5,9,7,2018,14,19,"[14, 15, 16, 17, 18]",6
CBP 1-6 DA,2,9,7,2018,17,19,"[17, 18]",1
CBP 1-6 DA,2,9,7,2018,17,19,"[17, 18]",4
CBP 1-6 DA,2,9,7,2018,17,19,"[17, 18]",5
CBP 1-6 DA,2,9,7,2018,17,19,"[17, 18]",6
CBP 1-6 DO,1,9,7,2018,18,19,[18],5
CBP 1-6 DA,6,10,7,2018,13,19,"[13, 14, 15, 16, 17, 18]",6
CBP 1-6 DO,6,10,7,2018,13,19,"[13, 14, 15, 16, 17, 18]",6
CBP 1-6 DA,5,10,7,2018,14,19,"[14, 15, 16, 17, 18]",1
CBP 1-6 DO,5,10,7,2018,14,19,"[14, 15, 16, 17, 18]",1
CBP 1-6 DO,5,10,7,2018,14,19,"[14, 15, 16, 17, 18]",2
CBP 1-6 DA,3,10,7,2018,16,19,"[16, 17, 18]",4
CBP 1-6 DA,3,10,7,2018,16,19,"[16, 17, 18]",5
CBP 1-6 DO,3,10,7,2018,16,19,"[16, 17, 18]",4
CBP 1-6 DO,3,10,7,2018,16,19,"[16, 17, 18]",5
CBP 1-6 DA,5,11,7,2018,14,19,"[14, 15, 16, 17, 18]",6
CBP 1-6 DO,5,11,7,2018,14,19,"[14, 15, 16, 17, 18]",6
CBP 1-6 DA,1,11,7,2018,18,19,[18],1
CBP 1-6 DA,1,11,7,2018,18,19,[18],4
CBP 1-6 DA,1,11,7,2018,18,19,[18],5
CBP 1-6 DO,1,11,7,2018,18,19,[18],1
CBP 1-6 DO,1,11,7,2018,18,19,[18],2
CBP 1-6 DO,1,11,7,2018,18,19,[18],4
CBP 1-6 DO,1,11,7,2018,18,19,[18],5
CBP 1-6 DA,1,17,7,2018,18,19,[18],1
CBP 1-6 DA,1,17,7,2018,18,19,[18],4
CBP 1-6 DA,1,17,7,2018,18,19,[18],5
CBP 1-6 DA,1,17,7,2018,18,19,[18],6
CBP 1-6 DO,1,17,7,2018,18,19,[18],1
CBP 1-6 DO,1,17,7,2018,18,19,[18],2
CBP 1-6 DO,1,17,7,2018,18,19,[18],4
CBP 1-6 DO,1,17,7,2018,18,19,[18],5
CBP 1-6 DO,1,17,7,2018,18,19,[18],6
CBP 1-6 DO,2,18,7,2018,17,19,"[17, 18]",1
CBP 1-6 DO,2,18,7,2018,17,19,"[17, 18]",2
CBP 1-6 DO,2,18,7,2018,17,19,"[17, 18]",4
CBP 1-6 DA,5,1,8,2018,14,19,"[14, 15, 16, 17, 18]",6
CBP 1-6 DO,5,1,8,2018,14,19,"[14, 15, 16, 17, 18]",6
CBP 1-6 DA,3,1,8,2018,16,19,"[16, 17, 18]",1
CBP 1-6 DA,3,1,8,2018,16,19,"[16, 17, 18]",4
CBP 1-6 DA,3,1,8,2018,16,19,"[16, 17, 18]",5
CBP 1-6 DO,3,1,8,2018,16,19,"[16, 17, 18]",1
CBP 1-6 DO,3,1,8,2018,16,19,"[16, 17, 18]",2
CBP 1-6 DO,3,1,8,2018,16,19,"[16, 17, 18]",4
CBP 1-6 DO,3,1,8,2018,16,19,"[16, 17, 18]",5
CBP 1-6 DO,2,6,8,2018,17,19,"[17, 18]",6
CBP 1-6 DO,1,6,8,2018,18,19,[18],1
CBP 1-6 DO,1,6,8,2018,18,19,[18],2
CBP 1-6 DO,1,6,8,2018,18,19,[18],4
CBP 1-6 DO,1,6,8,2018,18,19,[18],5
CBP 1-6 DA,3,7,8,2018,16,19,"[16, 17, 18]",1
CBP 1-6 DA,3,7,8,2018,16,19,"[16, 17, 18]",4
CBP 1-6 DA,3,7,8,2018,16,19,"[16, 17, 18]",5
CBP 1-6 DA,3,7,8,2018,16,19,"[16, 17, 18]",6
CBP 1-6 DO,3,7,8,2018,16,19,"[16, 17, 18]",1
CBP 1-6 DO,3,7,8,2018,16,19,"[16, 17, 18]",2
CBP 1-6 DO,3,7,8,2018,16,19,"[16, 17, 18]",4
CBP 1-6 DO,3,7,8,2018,16,19,"[16, 17, 18]",5
CBP 1-6 DO,3,7,8,2018,16,19,"[16, 17, 18]",6
CBP 1-6 DA,1,8,8,2018,18,19,[18],1
CBP 1-6 DA,1,8,8,2018,18,19,[18],4
CBP 1-6 DA,1,8,8,2018,18,19,[18],5
CBP 1-6 DA,1,8,8,2018,18,19,[18],6
CBP 1-6 DO,1,8,8,2018,18,19,[18],1
CBP 1-6 DO,1,8,8,2018,18,19,[18],2
CBP 1-6 DO,1,8,8,2018,18,19,[18],4
CBP 1-6 DO,1,8,8,2018,18,19,[18],5
CBP 1-6 DO,1,8,8,2018,18,19,[18],6
CBP 1-6 DA,1,9,8,2018,18,19,[18],1
CBP 1-6 DA,1,9,8,2018,18,19,[18],4
CBP 1-6 DA,1,9,8,2018,18,19,[18],5
CBP 1-6 DA,1,9,8,2018,18,19,[18],6
CBP 1-6 DO,1,9,8,2018,18,19,[18],1
CBP 1-6 DO,1,9,8,2018,18,19,[18],2
CBP 1-6 DO,1,9,8,2018,18,19,[18],4
CBP 1-6 DO,1,9,8,2018,18,19,[18],5
CBP 1-6 DO,1,9,8,2018,18,19,[18],6
CBP 1-6 DO,1,17,9,2018,18,19,[18],1
CBP 1-6 DO,1,17,9,2018,18,19,[18],2
CBP 1-6 DO,1,17,9,2018,18,19,[18],4
CBP 1-6 DO,1,17,9,2018,18,19,[18],5
CBP 1-6 DO,1,17,9,2018,18,19,[18],6
CBP 1-6 DA,1,18,9,2018,18,19,[18],6
CBP 1-6 DO,1,18,9,2018,18,19,[18],6
CBP 1-6 DA,1,20,9,2018,18,19,[18],1
CBP 1-6 DA,1,20,9,2018,18,19,[18],6
CBP 1-6 DO,1,20,9,2018,18,19,[18],1
CBP 1-6 DO,1,20,9,2018,18,19,[18],2
CBP 1-6 DO,1,20,9,2018,18,19,[18],4
CBP 1-6 DO,1,20,9,2018,18,19,[18],6
CBP 1-6 DA,1,21,9,2018,18,19,[18],1
CBP 1-6 DA,1,21,9,2018,18,19,[18],6
CBP 1-6 DO,1,21,9,2018,18,19,[18],1
CBP 1-6 DO,1,21,9,2018,18,19,[18],2
CBP 1-6 DO,1,21,9,2018,18,19,[18],6
CBP 1-6 DA,1,24,9,2018,18,19,[18],1
CBP 1-6 DA,1,24,9,2018,18,19,[18],4
CBP 1-6 DA,1,24,9,2018,18,19,[18],5
CBP 1-6 DA,1,24,9,2018,18,19,[18],6
CBP 1-6 DA,1,26,9,2018,18,19,[18],1
CBP 1-6 DA,1,26,9,2018,18,19,[18],4
CBP 1-6 DA,1,26,9,2018,18,19,[18],5
CBP 1-6 DA,1,26,9,2018,18,19,[18],6
CBP 1-6 DO,1,26,9,2018,18,19,[18],1
CBP 1-6 DO,1,26,9,2018,18,19,[18],2
CBP 1-6 DO,1,26,9,2018,18,19,[18],4
CBP 1-6 DO,1,26,9,2018,18,19,[18],5
CBP 1-6 DO,1,26,9,2018,18,19,[18],6
CBP 1-6 DA,1,27,9,2018,18,19,[18],1
CBP 1-6 DO,1,27,9,2018,18,19,[18],1
CBP 1-6 DO,1,27,9,2018,18,19,[18],2
CBP 1-6 DO,5,1,10,2018,14,19,"[14, 15, 16, 17, 18]",6
CBP 1-6 DO,1,1,10,2018,18,19,[18],1
CBP 1-6 DO,1,1,10,2018,18,19,[18],2
CBP 1-6 DO,1,1,10,2018,18,19,[18],5
CBP 1-6 DO,1,15,10,2018,18,19,[18],1
CBP 1-6 DO,1,15,10,2018,18,19,[18],2
CBP 1-6 DO,1,15,10,2018,18,19,[18],4
CBP 1-6 DO,1,15,10,2018,18,19,[18],5
CBP 1-6 DO,1,15,10,2018,18,19,[18],6
CBP 1-6 DA,1,16,10,2018,18,19,[18],1
CBP 1-6 DA,1,16,10,2018,18,19,[18],4
CBP 1-6 DA,1,16,10,2018,18,19,[18],6
CBP 1-6 DO,1,16,10,2018,18,19,[18],1
CBP 1-6 DO,1,16,10,2018,18,19,[18],2
CBP 1-6 DO,1,16,10,2018,18,19,[18],4
CBP 1-6 DO,1,16,10,2018,18,19,[18],5
CBP 1-6 DO,1,16,10,2018,18,19,[18],6
CBP 1-6 DA,1,17,10,2018,18,19,[18],1
CBP 1-6 DA,1,17,10,2018,18,19,[18],4
CBP 1-6 DA,1,17,10,2018,18,19,[18],6
CBP 1-6 DO,1,17,10,2018,18,19,[18],1
CBP 1-6 DO,1,17,10,2018,18,19,[18],2
CBP 1-6 DO,1,17,10,2018,18,19,[18],4
CBP 1-6 DO,1,17,10,2018,18,19,[18],5
CBP 1-6 DO,1,17,10,2018,18,19,[18],6
CBP 1-6 DA,1,18,10,2018,18,19,[18],1
CBP 1-6 DA,1,18,10,2018,18,19,[18],4
CBP 1-6 DA,1,18,10,2018,18,19,[18],6
CBP 1-6 DO,1,18,10,2018,18,19,[18],1
CBP 1-6 DO,1,18,10,2018,18,19,[18],2
CBP 1-6 DO,1,18,10,2018,18,19,[18],4
CBP 1-6 DO,1,18,10,2018,18,19,[18],5
CBP 1-6 DO,1,18,10,2018,18,19,[18],6
CBP 1-6 DA,1,19,10,2018,18,19,[18],1
CBP 1-6 DA,1,19,10,2018,18,19,[18],4
CBP 1-6 DA,1,19,10,2018,18,19,[18],6
CBP 1-6 DO,1,19,10,2018,18,19,[18],4
CBP 1-6 DA,1,22,10,2018,18,19,[18],1
CBP 1-6 DA,1,22,10,2018,18,19,[18],4
CBP 1-6 DA,1,22,10,2018,18,19,[18],6
CBP 1-6 DA,2,1,11,2018,17,19,"[17, 18]",1
CBP 1-6 DA,2,1,11,2018,17,19,"[17, 18]",6
CBP 1-6 DO,2,1,11,2018,17,19,"[17, 18]",1
CBP 1-6 DO,2,1,11,2018,17,19,"[17, 18]",4
CBP 1-6 DO,2,1,11,2018,17,19,"[17, 18]",5
CBP 1-6 DO,2,1,11,2018,17,19,"[17, 18]",6
CBP 1-6 DA,2,2,11,2018,17,19,"[17, 18]",1
CBP 1-6 DA,2,2,11,2018,17,19,"[17, 18]",6
CBP 1-6 DO,2,2,11,2018,17,19,"[17, 18]",1
CBP 1-6 DO,2,2,11,2018,17,19,"[17, 18]",4
CBP 1-6 DO,2,2,11,2018,17,19,"[17, 18]",5
CBP 1-6 DO,2,2,11,2018,17,19,"[17, 18]",6
CBP 1-6 DA,2,5,11,2018,17,19,"[17, 18]",1
CBP 1-6 DA,2,5,11,2018,17,19,"[17, 18]",6
CBP 1-6 DO,2,5,11,2018,17,19,"[17, 18]",1
CBP 1-6 DO,2,5,11,2018,17,19,"[17, 18]",4
CBP 1-6 DO,2,5,11,2018,17,19,"[17, 18]",5
CBP 1-6 DO,2,5,11,2018,17,19,"[17, 18]",6
CBP 1-6 DA,2,6,11,2018,17,19,"[17, 18]",1
CBP 1-6 DA,2,6,11,2018,17,19,"[17, 18]",6
CBP 1-6 DO,2,6,11,2018,17,19,"[17, 18]",1
CBP 1-6 DO,2,6,11,2018,17,19,"[17, 18]",4
CBP 1-6 DO,2,6,11,2018,17,19,"[17, 18]",5
CBP 1-6 DO,2,6,11,2018,17,19,"[17, 18]",6
CBP 1-6 DA,3,14,11,2018,16,19,"[16, 17, 18]",6
CBP 1-6 DO,1,14,11,2018,17,18,[17],6
CBP 1-6 DA,1,16,11,2018,17,18,[17],1
CBP 1-6 DO,1,16,11,2018,17,18,[17],1
CBP 1-6 DO,1,16,11,2018,17,18,[17],4
CBP 1-6 DO,1,16,11,2018,17,18,[17],5
CBP 1-6 DO,3,3,12,2018,16,19,"[16, 17, 18]",1
CBP 1-6 DO,3,3,12,2018,16,19,"[16, 17, 18]",5
CBP 1-6 DO,3,3,12,2018,16,19,"[16, 17, 18]",6
CBP 1-6 DO,2,3,12,2018,17,19,"[17, 18]",4
CBP 1-6 DO,3,4,12,2018,16,19,"[16, 17, 18]",1
CBP 1-6 DO,3,4,12,2018,16,19,"[16, 17, 18]",6
CBP 1-6 DO,2,4,12,2018,17,19,"[17, 18]",4
CBP 1-6 DO,2,4,12,2018,17,19,"[17, 18]",5
CBP 1-6 DO,3,5,12,2018,16,19,"[16, 17, 18]",1
CBP 1-6 DO,3,5,12,2018,16,19,"[16, 17, 18]",6
CBP 1-6 DO,1,5,12,2018,17,18,[17],4
CBP 1-6 DO,1,5,12,2018,17,18,[17],5
CBP 1-6 DO,4,6,12,2018,15,19,"[15, 16, 17, 18]",1
CBP 1-6 DO,4,6,12,2018,15,19,"[15, 16, 17, 18]",4
CBP 1-6 DO,4,6,12,2018,15,19,"[15, 16, 17, 18]",5
CBP 1-6 DO,4,6,12,2018,15,19,"[15, 16, 17, 18]",6
CBP 1-6 DO,4,7,12,2018,15,19,"[15, 16, 17, 18]",1
CBP 1-6 DO,4,7,12,2018,15,19,"[15, 16, 17, 18]",4
CBP 1-6 DO,4,7,12,2018,15,19,"[15, 16, 17, 18]",5
CBP 1-6 DO,4,7,12,2018,15,19,"[15, 16, 17, 18]",6
CBP 1-6 DO,2,2,1,2019,17,19,"[17, 18]",1
CBP 1-6 DO,2,2,1,2019,17,19,"[17, 18]",5
CBP 1-6 DO,2,2,1,2019,17,19,"[17, 18]",6
CBP 1-6 DO,1,2,1,2019,18,19,[18],4
CBP 1-6 DO,2,3,1,2019,17,19,"[17, 18]",1
CBP 1-6 DO,2,3,1,2019,17,19,"[17, 18]",4
CBP 1-6 DO,2,3,1,2019,17,19,"[17, 18]",5
CBP 1-6 DO,2,3,1,2019,17,19,"[17, 18]",6
CBP 1-6 DO,2,4,1,2019,17,19,"[17, 18]",1
CBP 1-6 DO,2,4,1,2019,17,19,"[17, 18]",4
CBP 1-6 DO,2,4,1,2019,17,19,"[17, 18]",5
CBP 1-6 DO,2,4,1,2019,17,19,"[17, 18]",6
CBP 1-6 DO,1,7,1,2019,17,18,[17],4
CBP 1-6 DO,1,7,1,2019,17,18,[17],5
CBP 1-6 DO,2,7,1,2019,17,19,"[17, 18]",1
CBP 1-6 DO,2,7,1,2019,17,19,"[17, 18]",6
CBP 1-6 DO,1,8,1,2019,17,18,[17],5
CBP 1-6 DO,2,8,1,2019,17,19,"[17, 18]",1
CBP 1-6 DO,2,8,1,2019,17,19,"[17, 18]",6
CBP 1-6 DO,2,16,1,2019,17,19,"[17, 18]",4
CBP 1-6 DO,1,4,2,2019,18,19,[18],1
CBP 1-6 DO,1,4,2,2019,18,19,[18],5
CBP 1-6 DO,1,4,2,2019,18,19,[18],6
CBP 1-6 DO,2,5,2,2019,17,19,"[17, 18]",1
CBP 1-6 DO,2,5,2,2019,17,19,"[17, 18]",5
CBP 1-6 DO,2,5,2,2019,17,19,"[17, 18]",6
CBP 1-6 DO,1,5,2,2019,18,19,[18],4
CBP 1-6 DO,3,6,2,2019,16,19,"[16, 17, 18]",1
CBP 1-6 DO,3,6,2,2019,16,19,"[16, 17, 18]",4
CBP 1-6 DO,3,6,2,2019,16,19,"[16, 17, 18]",5
CBP 1-6 DO,3,6,2,2019,16,19,"[16, 17, 18]",6
CBP 1-6 DO,4,7,2,2019,15,19,"[15, 16, 17, 18]",1
CBP 1-6 DO,4,7,2,2019,15,19,"[15, 16, 17, 18]",4
CBP 1-6 DO,4,7,2,2019,15,19,"[15, 16, 17, 18]",5
CBP 1-6 DO,4,7,2,2019,15,19,"[15, 16, 17, 18]",6
CBP 1-6 DO,4,8,2,2019,15,19,"[15, 16, 17, 18]",1
CBP 1-6 DO,4,8,2,2019,15,19,"[15, 16, 17, 18]",4
CBP 1-6 DO,4,8,2,2019,15,19,"[15, 16, 17, 18]",5
CBP 1-6 DO,4,8,2,2019,15,19,"[15, 16, 17, 18]",6
CBP 1-6 DO,6,11,2,2019,13,19,"[13, 14, 15, 16, 17, 18]",4
CBP 1-6 DO,2,1,3,2019,17,19,"[17, 18]",1
CBP 1-6 DO,2,1,3,2019,17,19,"[17, 18]",5
CBP 1-6 DO,2,1,3,2019,17,19,"[17, 18]",6
CBP 1-6 DO,2,4,3,2019,17,19,"[17, 18]",1
CBP 1-6 DO,2,4,3,2019,17,19,"[17, 18]",4
CBP 1-6 DO,2,4,3,2019,17,19,"[17, 18]",5
CBP 1-6 DO,2,4,3,2019,17,19,"[17, 18]",6
CBP 1-6 DO,3,5,3,2019,16,19,"[16, 17, 18]",1
CBP 1-6 DO,3,5,3,2019,16,19,"[16, 17, 18]",5
CBP 1-6 DO,3,5,3,2019,16,19,"[16, 17, 18]",6
CBP 1-6 DO,2,5,3,2019,17,19,"[17, 18]",4
CBP 1-6 DO,2,6,3,2019,17,19,"[17, 18]",1
CBP 1-6 DO,2,6,3,2019,17,19,"[17, 18]",5
CBP 1-6 DO,2,6,3,2019,17,19,"[17, 18]",6
CBP 1-6 DO,1,6,3,2019,18,19,[18],4
CBP 1-6 DO,1,7,3,2019,18,19,[18],1
CBP 1-6 DO,1,7,3,2019,18,19,[18],4
CBP 1-6 DO,1,7,3,2019,18,19,[18],5
CBP 1-6 DO,1,7,3,2019,18,19,[18],6
CBP 1-6 DO,1,8,3,2019,18,19,[18],4
CBP 1-6 DA,1,11,6,2019,18,19,[18],1
CBP 1-6 DA,1,11,6,2019,18,19,[18],2
CBP 1-6 DA,1,11,6,2019,18,19,[18],5
CBP 1-6 DA,1,11,6,2019,18,19,[18],6
CBP 1-6 DO,1,11,6,2019,18,19,[18],1
CBP 1-6 DO,1,11,6,2019,18,19,[18],2
CBP 1-6 DO,1,11,6,2019,18,19,[18],5
CBP 1-6 DO,1,11,6,2019,18,19,[18],6
CBP 1-6 DA,1,12,6,2019,18,19,[18],1
CBP 1-6 DA,1,12,6,2019,18,19,[18],2
CBP 1-6 DA,1,12,6,2019,18,19,[18],5
CBP 1-6 DA,1,12,6,2019,18,19,[18],6
CBP 1-6 DO,1,12,6,2019,18,19,[18],1
CBP 1-6 DO,1,12,6,2019,18,19,[18],2
CBP 1-6 DO,1,12,6,2019,18,19,[18],5
CBP 1-6 DO,1,12,6,2019,18,19,[18],6
CBP 1-6 DA,2,23,7,2019,17,19,"[17, 18]",6
CBP 1-6 DO,2,23,7,2019,17,19,"[17, 18]",6
CBP 1-6 DA,1,23,7,2019,18,19,[18],2
CBP 1-6 DA,1,23,7,2019,18,19,[18],4
CBP 1-6 DA,1,23,7,2019,18,19,[18],5
CBP 1-6 DO,1,23,7,2019,18,19,[18],1
CBP 1-6 DO,1,23,7,2019,18,19,[18],2
CBP 1-6 DA,1,24,7,2019,18,19,[18],2
CBP 1-6 DA,1,24,7,2019,18,19,[18],4
CBP 1-6 DA,1,24,7,2019,18,19,[18],5
CBP 1-6 DA,1,24,7,2019,18,19,[18],6
CBP 1-6 DO,1,24,7,2019,18,19,[18],1
CBP 1-6 DO,1,24,7,2019,18,19,[18],2
CBP 1-6 DO,1,24,7,2019,18,19,[18],6
CBP 1-6 DA,2,25,7,2019,17,19,"[17, 18]",6
CBP 1-6 DO,2,25,7,2019,17,19,"[17, 18]",6
CBP 1-6 DA,1,25,7,2019,18,19,[18],2
CBP 1-6 DA,1,25,7,2019,18,19,[18],5
CBP 1-6 DO,1,25,7,2019,18,19,[18],1
CBP 1-6 DO,1,25,7,2019,18,19,[18],2
CBP 1-6 DO,1,5,8,2019,18,19,[18],1
CBP 1-6 DO,1,5,8,2019,18,19,[18],2
CBP 1-6 DO,1,5,8,2019,18,19,[18],6
CBP 1-6 DA,1,6,8,2019,18,19,[18],1
CBP 1-6 DA,1,6,8,2019,18,19,[18],2
CBP 1-6 DA,1,6,8,2019,18,19,[18],5
CBP 1-6 DA,1,6,8,2019,18,19,[18],6
CBP 1-6 DO,1,6,8,2019,18,19,[18],1
CBP 1-6 DO,1,6,8,2019,18,19,[18],2
CBP 1-6 DO,1,6,8,2019,18,19,[18],6
CBP 1-6 DA,1,14,8,2019,18,19,[18],1
CBP 1-6 DA,1,14,8,2019,18,19,[18],2
CBP 1-6 DA,1,14,8,2019,18,19,[18],4
CBP 1-6 DA,1,14,8,2019,18,19,[18],5
CBP 1-6 DA,1,14,8,2019,18,19,[18],6
CBP 1-6 DO,1,14,8,2019,18,19,[18],1
CBP 1-6 DO,1,14,8,2019,18,19,[18],2
CBP 1-6 DO,1,14,8,2019,18,19,[18],6
CBP 1-6 DA,1,15,8,2019,18,19,[18],1
CBP 1-6 DA,1,15,8,2019,18,19,[18],2
CBP 1-6 DA,1,15,8,2019,18,19,[18],4
CBP 1-6 DA,1,15,8,2019,18,19,[18],5
CBP 1-6 DA,1,15,8,2019,18,19,[18],6
CBP 1-6 DO,1,15,8,2019,18,19,[18],1
CBP 1-6 DO,1,15,8,2019,18,19,[18],2
CBP 1-6 DO,1,15,8,2019,18,19,[18],6
CBP 1-6 DO,1,26,8,2019,18,19,[18],1
CBP 1-6 DO,1,26,8,2019,18,19,[18],2
CBP 1-6 DO,1,26,8,2019,18,19,[18],5
CBP 1-6 DO,1,26,8,2019,18,19,[18],6
CBP 1-6 DA,1,27,8,2019,18,19,[18],1
CBP 1-6 DA,1,27,8,2019,18,19,[18],2
CBP 1-6 DA,1,27,8,2019,18,19,[18],4
CBP 1-6 DA,1,27,8,2019,18,19,[18],5
CBP 1-6 DA,1,27,8,2019,18,19,[18],6
CBP 1-6 DO,1,27,8,2019,18,19,[18],4
CBP 1-6 DO,1,27,8,2019,18,19,[18],5
CBP 1-6 DA,1,28,8,2019,18,19,[18],1
CBP 1-6 DA,1,28,8,2019,18,19,[18],2
CBP 1-6 DA,1,28,8,2019,18,19,[18],4
CBP 1-6 DA,1,28,8,2019,18,19,[18],5
CBP 1-6 DA,1,28,8,2019,18,19,[18],6
CBP 1-6 DO,1,28,8,2019,18,19,[18],4
CBP 1-6 DO,1,28,8,2019,18,19,[18],5
CBP 1-6 DO,1,3,9,2019,18,19,[18],1
CBP 1-6 DO,1,3,9,2019,18,19,[18],2
CBP 1-6 DO,1,3,9,2019,18,19,[18],4
CBP 1-6 DO,1,3,9,2019,18,19,[18],5
CBP 1-6 DO,1,3,9,2019,18,19,[18],6
CBP 1-6 DA,3,4,9,2019,16,19,"[16, 17, 18]",6
CBP 1-6 DO,3,4,9,2019,16,19,"[16, 17, 18]",6
CBP 1-6 DA,2,4,9,2019,17,19,"[17, 18]",1
CBP 1-6 DA,2,4,9,2019,17,19,"[17, 18]",2
CBP 1-6 DA,2,4,9,2019,17,19,"[17, 18]",3
CBP 1-6 DA,2,4,9,2019,17,19,"[17, 18]",4
CBP 1-6 DA,2,4,9,2019,17,19,"[17, 18]",5
CBP 1-6 DO,2,4,9,2019,17,19,"[17, 18]",1
CBP 1-6 DO,2,4,9,2019,17,19,"[17, 18]",2
CBP 1-6 DO,2,4,9,2019,17,19,"[17, 18]",4
CBP 1-6 DO,2,4,9,2019,17,19,"[17, 18]",5
CBP 1-6 DA,5,5,9,2019,14,19,"[14, 15, 16, 17, 18]",5
CBP 1-6 DA,5,5,9,2019,14,19,"[14, 15, 16, 17, 18]",6
CBP 1-6 DO,5,5,9,2019,14,19,"[14, 15, 16, 17, 18]",5
CBP 1-6 DO,5,5,9,2019,14,19,"[14, 15, 16, 17, 18]",6
CBP 1-6 DA,4,5,9,2019,15,19,"[15, 16, 17, 18]",1
CBP 1-6 DA,4,5,9,2019,15,19,"[15, 16, 17, 18]",2
CBP 1-6 DA,4,5,9,2019,15,19,"[15, 16, 17, 18]",3
CBP 1-6 DO,4,5,9,2019,15,19,"[15, 16, 17, 18]",1
CBP 1-6 DO,4,5,9,2019,15,19,"[15, 16, 17, 18]",2
CBP 1-6 DA,3,5,9,2019,16,19,"[16, 17, 18]",4
CBP 1-6 DO,3,5,9,2019,16,19,"[16, 17, 18]",4
CBP 1-6 DA,2,6,9,2019,17,19,"[17, 18]",6
CBP 1-6 DO,2,6,9,2019,17,19,"[17, 18]",6
CBP 1-6 DA,1,6,9,2019,18,19,[18],1
CBP 1-6 DA,1,6,9,2019,18,19,[18],2
CBP 1-6 DA,1,6,9,2019,18,19,[18],3
CBP 1-6 DA,1,6,9,2019,18,19,[18],4
CBP 1-6 DA,1,6,9,2019,18,19,[18],5
CBP 1-6 DO,1,6,9,2019,18,19,[18],1
CBP 1-6 DO,1,6,9,2019,18,19,[18],2
CBP 1-6 DO,1,6,9,2019,18,19,[18],4
CBP 1-6 DO,1,6,9,2019,18,19,[18],5
CBP 1-6 DA,2,9,9,2019,17,19,"[17, 18]",1
CBP 1-6 DA,2,9,9,2019,17,19,"[17, 18]",2
CBP 1-6 DA,2,9,9,2019,17,19,"[17, 18]",3
CBP 1-6 DA,2,9,9,2019,17,19,"[17, 18]",4
CBP 1-6 DA,2,9,9,2019,17,19,"[17, 18]",5
CBP 1-6 DA,2,9,9,2019,17,19,"[17, 18]",6
CBP 1-6 DA,1,12,9,2019,18,19,[18],1
CBP 1-6 DA,1,12,9,2019,18,19,[18],2
CBP 1-6 DA,1,12,9,2019,18,19,[18],3
CBP 1-6 DA,1,12,9,2019,18,19,[18],4
CBP 1-6 DA,1,12,9,2019,18,19,[18],5
CBP 1-6 DA,1,12,9,2019,18,19,[18],6
CBP 1-6 DO,1,12,9,2019,18,19,[18],1
CBP 1-6 DO,1,12,9,2019,18,19,[18],2
CBP 1-6 DO,1,12,9,2019,18,19,[18],4
CBP 1-6 DO,1,12,9,2019,18,19,[18],5
CBP 1-6 DO,1,12,9,2019,18,19,[18],6
CBP 1-6 DO,1,7,10,2019,18,19,[18],1
CBP 1-6 DO,1,7,10,2019,18,19,[18],2
CBP 1-6 DO,1,7,10,2019,18,19,[18],4
CBP 1-6 DO,1,7,10,2019,18,19,[18],5
CBP 1-6 DO,1,7,10,2019,18,19,[18],6
CBP 1-6 DA,1,8,10,2019,18,19,[18],5
CBP 1-6 DA,1,8,10,2019,18,19,[18],6
CBP 1-6 DO,1,8,10,2019,18,19,[18],5
CBP 1-6 DO,1,8,10,2019,18,19,[18],6
CBP 1-6 DO,1,14,10,2019,18,19,[18],1
CBP 1-6 DO,1,14,10,2019,18,19,[18],2
CBP 1-6 DO,1,14,10,2019,18,19,[18],5
CBP 1-6 DO,1,14,10,2019,18,19,[18],6
CBP 1-6 DA,1,15,10,2019,18,19,[18],1
CBP 1-6 DA,1,15,10,2019,18,19,[18],2
CBP 1-6 DA,1,15,10,2019,18,19,[18],3
CBP 1-6 DA,1,15,10,2019,18,19,[18],4
CBP 1-6 DA,1,15,10,2019,18,19,[18],5
CBP 1-6 DA,1,15,10,2019,18,19,[18],6
CBP 1-6 DO,1,15,10,2019,18,19,[18],1
CBP 1-6 DO,1,15,10,2019,18,19,[18],2
CBP 1-6 DO,1,15,10,2019,18,19,[18],4
CBP 1-6 DO,1,15,10,2019,18,19,[18],5
CBP 1-6 DO,1,15,10,2019,18,19,[18],6
CBP 1-6 DA,1,16,10,2019,18,19,[18],1
CBP 1-6 DA,1,16,10,2019,18,19,[18],2
CBP 1-6 DA,1,16,10,2019,18,19,[18],3
CBP 1-6 DA,1,16,10,2019,18,19,[18],4
CBP 1-6 DA,1,16,10,2019,18,19,[18],5
CBP 1-6 DA,1,16,10,2019,18,19,[18],6
CBP 1-6 DO,1,16,10,2019,18,19,[18],1
CBP 1-6 DO,1,16,10,2019,18,19,[18],2
CBP 1-6 DO,1,16,10,2019,18,19,[18],4
CBP 1-6 DO,1,16,10,2019,18,19,[18],5
CBP 1-6 DO,1,16,10,2019,18,19,[18],6
CBP 1-6 DO,2,21,10,2019,17,19,"[17, 18]",1
CBP 1-6 DO,2,21,10,2019,17,19,"[17, 18]",4
CBP 1-6 DA,1,21,10,2019,18,19,[18],1
CBP 1-6 DA,1,21,10,2019,18,19,[18],2
CBP 1-6 DA,1,21,10,2019,18,19,[18],3
CBP 1-6 DA,1,21,10,2019,18,19,[18],4
CBP 1-6 DA,1,21,10,2019,18,19,[18],5
CBP 1-6 DA,1,21,10,2019,18,19,[18],6
CBP 1-6 DA,2,22,10,2019,17,19,"[17, 18]",1
CBP 1-6 DA,2,22,10,2019,17,19,"[17, 18]",2
CBP 1-6 DA,2,22,10,2019,17,19,"[17, 18]",3
CBP 1-6 DA,2,22,10,2019,17,19,"[17, 18]",4
CBP 1-6 DA,2,22,10,2019,17,19,"[17, 18]",6
CBP 1-6 DO,2,22,10,2019,17,19,"[17, 18]",2
CBP 1-6 DO,2,22,10,2019,17,19,"[17, 18]",4
CBP 1-6 DA,1,23,10,2019,18,19,[18],1
CBP 1-6 DA,1,23,10,2019,18,19,[18],2
CBP 1-6 DA,1,23,10,2019,18,19,[18],3
CBP 1-6 DA,1,23,10,2019,18,19,[18],4
CBP 1-6 DA,1,23,10,2019,18,19,[18],5
CBP 1-6 DO,5,4,11,2019,14,19,"[14, 15, 16, 17, 18]",5
CBP 1-6 DA,1,4,11,2019,18,19,[18],1
CBP 1-6 DA,3,5,11,2019,16,19,"[16, 17, 18]",1
CBP 1-6 DO,3,5,11,2019,16,19,"[16, 17, 18]",5
CBP 1-6 DA,3,6,11,2019,16,19,"[16, 17, 18]",1
CBP 1-6 DO,3,6,11,2019,16,19,"[16, 17, 18]",5
CBP 1-6 DA,3,7,11,2019,16,19,"[16, 17, 18]",1
CBP 1-6 DO,3,7,11,2019,16,19,"[16, 17, 18]",5
CBP 1-6 DA,3,8,11,2019,16,19,"[16, 17, 18]",1
CBP 1-6 DO,3,8,11,2019,16,19,"[16, 17, 18]",5
CBP 1-6 DA,1,2,12,2019,17,18,[17],1
CBP 1-6 DO,2,2,12,2019,17,19,"[17, 18]",5
CBP 1-6 DO,1,11,12,2019,17,18,[17],5
CBP 1-6 DO,1,3,2,2020,18,19,[18],6
CBP 1-6 DO,1,4,2,2020,18,19,[18],6
CBP 1-6 DO,1,6,2,2020,18,19,[18],6
CBP 1-6 DA,1,28,5,2020,19,20,[19],2
CBP 1-6 DA,1,28,5,2020,19,20,[19],4
CBP 1-6 DA,1,28,5,2020,19,20,[19],5
CBP 1-6 DA,1,28,5,2020,19,20,[19],6
CBP 1-6 DO,1,28,5,2020,19,20,[19],1
CBP 1-6 DO,1,28,5,2020,19,20,[19],2
CBP 1-6 DO,1,28,5,2020,19,20,[19],4
CBP 1-6 DO,1,28,5,2020,19,20,[19],6
CBP 1-6 DA,1,2,6,2020,19,20,[19],1
CBP 1-6 DA,1,2,6,2020,19,20,[19],2
CBP 1-6 DA,1,2,6,2020,19,20,[19],3
CBP 1-6 DA,1,2,6,2020,19,20,[19],4
CBP 1-6 DA,1,2,6,2020,19,20,[19],5
CBP 1-6 DA,1,2,6,2020,19,20,[19],6
CBP 1-6 DO,1,2,6,2020,19,20,[19],1
CBP 1-6 DO,1,2,6,2020,19,20,[19],2
CBP 1-6 DO,1,2,6,2020,19,20,[19],4
CBP 1-6 DO,1,2,6,2020,19,20,[19],6
CBP 1-6 DA,2,3,6,2020,18,20,"[18, 19]",1
CBP 1-6 DA,2,3,6,2020,18,20,"[18, 19]",2
CBP 1-6 DA,2,3,6,2020,18,20,"[18, 19]",3
CBP 1-6 DA,2,3,6,2020,18,20,"[18, 19]",4
CBP 1-6 DA,2,3,6,2020,18,20,"[18, 19]",5
CBP 1-6 DO,2,3,6,2020,18,20,"[18, 19]",1
CBP 1-6 DO,2,3,6,2020,18,20,"[18, 19]",2
CBP 1-6 DO,2,3,6,2020,18,20,"[18, 19]",4
CBP 1-6 DO,2,3,6,2020,18,20,"[18, 19]",5
CBP 1-6 DA,3,3,6,2020,18,21,"[18, 19, 20]",6
CBP 1-6 DO,3,3,6,2020,18,21,"[18, 19, 20]",6
CBP 1-6 DA,1,4,6,2020,19,20,[19],1
CBP 1-6 DA,1,4,6,2020,19,20,[19],2
CBP 1-6 DA,1,4,6,2020,19,20,[19],3
CBP 1-6 DA,1,4,6,2020,19,20,[19],4
CBP 1-6 DA,1,4,6,2020,19,20,[19],5
CBP 1-6 DA,1,4,6,2020,19,20,[19],6
CBP 1-6 DO,1,4,6,2020,19,20,[19],1
CBP 1-6 DO,1,4,6,2020,19,20,[19],2
CBP 1-6 DO,1,4,6,2020,19,20,[19],4
CBP 1-6 DO,1,4,6,2020,19,20,[19],5
CBP 1-6 DO,1,4,6,2020,19,20,[19],6
CBP 1-6 DA,1,10,6,2020,19,20,[19],1
CBP 1-6 DA,1,10,6,2020,19,20,[19],2
CBP 1-6 DA,1,10,6,2020,19,20,[19],5
CBP 1-6 DA,1,10,6,2020,19,20,[19],6
CBP 1-6 DO,1,10,6,2020,19,20,[19],1
CBP 1-6 DO,1,10,6,2020,19,20,[19],2
CBP 1-6 DO,1,10,6,2020,19,20,[19],5
CBP 1-6 DO,1,10,6,2020,19,20,[19],6
CBP 1-6 DA,1,9,7,2020,19,20,[19],1
CBP 1-6 DA,1,9,7,2020,19,20,[19],2
CBP 1-6 DA,1,9,7,2020,19,20,[19],3
CBP 1-6 DA,1,9,7,2020,19,20,[19],4
CBP 1-6 DA,1,9,7,2020,19,20,[19],5
CBP 1-6 DA,1,9,7,2020,19,20,[19],6
CBP 1-6 DO,1,9,7,2020,19,20,[19],1
CBP 1-6 DO,1,9,7,2020,19,20,[19],2
CBP 1-6 DO,1,9,7,2020,19,20,[19],4
CBP 1-6 DO,1,9,7,2020,19,20,[19],6
CBP 1-6 DA,2,10,7,2020,18,20,"[18, 19]",1
CBP 1-6 DA,2,10,7,2020,18,20,"[18, 19]",2
CBP 1-6 DA,2,10,7,2020,18,20,"[18, 19]",3
CBP 1-6 DA,2,10,7,2020,18,20,"[18, 19]",4
CBP 1-6 DA,2,10,7,2020,18,20,"[18, 19]",5
CBP 1-6 DA,2,10,7,2020,18,20,"[18, 19]",6
CBP 1-6 DO,2,10,7,2020,18,20,"[18, 19]",1
CBP 1-6 DO,2,10,7,2020,18,20,"[18, 19]",2
CBP 1-6 DO,2,10,7,2020,18,20,"[18, 19]",5
CBP 1-6 DO,2,10,7,2020,18,20,"[18, 19]",6
CBP 1-6 DA,2,13,7,2020,18,20,"[18, 19]",1
CBP 1-6 DA,2,13,7,2020,18,20,"[18, 19]",2
CBP 1-6 DA,2,13,7,2020,18,20,"[18, 19]",3
CBP 1-6 DA,2,13,7,2020,18,20,"[18, 19]",4
CBP 1-6 DA,2,13,7,2020,18,20,"[18, 19]",5
CBP 1-6 DA,2,13,7,2020,18,20,"[18, 19]",6
CBP 1-6 DO,2,13,7,2020,18,20,"[18, 19]",1
CBP 1-6 DO,2,13,7,2020,18,20,"[18, 19]",2
CBP 1-6 DO,2,13,7,2020,18,20,"[18, 19]",4
CBP 1-6 DO,2,13,7,2020,18,20,"[18, 19]",5
CBP 1-6 DO,2,13,7,2020,18,20,"[18, 19]",6
CBP 1-6 DA,1,27,7,2020,19,20,[19],1
CBP 1-6 DA,1,27,7,2020,19,20,[19],2
CBP 1-6 DA,1,27,7,2020,19,20,[19],3
CBP 1-6 DA,1,27,7,2020,19,20,[19],4
CBP 1-6 DA,1,27,7,2020,19,20,[19],5
CBP 1-6 DA,1,27,7,2020,19,20,[19],6
CBP 1-6 DO,1,27,7,2020,19,20,[19],1
CBP 1-6 DO,1,27,7,2020,19,20,[19],2
CBP 1-6 DO,1,27,7,2020,19,20,[19],4
CBP 1-6 DO,1,27,7,2020,19,20,[19],6
CBP 1-6 DO,1,28,7,2020,19,20,[19],4
CBP 1-6 DO,2,29,7,2020,18,20,"[18, 19]",5
CBP 1-6 DO,4,30,7,2020,17,21,"[17, 18, 19, 20]",5
CBP 1-6 DO,4,31,7,2020,17,21,"[17, 18, 19, 20]",5
CBP 1-6 DA,1,3,8,2020,19,20,[19],1
CBP 1-6 DA,1,3,8,2020,19,20,[19],2
CBP 1-6 DA,1,3,8,2020,19,20,[19],3
CBP 1-6 DA,1,3,8,2020,19,20,[19],4
CBP 1-6 DA,1,3,8,2020,19,20,[19],5
CBP 1-6 DA,1,3,8,2020,19,20,[19],6
CBP 1-6 DO,1,3,8,2020,19,20,[19],1
CBP 1-6 DO,1,3,8,2020,19,20,[19],2
CBP 1-6 DO,1,3,8,2020,19,20,[19],4
CBP 1-6 DO,1,3,8,2020,19,20,[19],5
CBP 1-6 DO,1,3,8,2020,19,20,[19],6
CBP 1-6 DA,1,12,8,2020,19,20,[19],1
CBP 1-6 DA,1,12,8,2020,19,20,[19],2
CBP 1-6 DA,1,12,8,2020,19,20,[19],3
CBP 1-6 DA,1,12,8,2020,19,20,[19],4
CBP 1-6 DA,1,12,8,2020,19,20,[19],5
CBP 1-6 DA,1,12,8,2020,19,20,[19],6
CBP 1-6 DO,1,12,8,2020,19,20,[19],1
CBP 1-6 DO,1,12,8,2020,19,20,[19],2
CBP 1-6 DO,1,12,8,2020,19,20,[19],4
CBP 1-6 DO,1,12,8,2020,19,20,[19],6
CBP 1-6 DA,4,13,8,2020,17,21,"[17, 18, 19, 20]",1
CBP 1-6 DA,4,13,8,2020,17,21,"[17, 18, 19, 20]",2
CBP 1-6 DA,4,13,8,2020,17,21,"[17, 18, 19, 20]",3
CBP 1-6 DA,4,13,8,2020,17,21,"[17, 18, 19, 20]",4
CBP 1-6 DA,4,13,8,2020,17,21,"[17, 18, 19, 20]",5
CBP 1-6 DA,4,13,8,2020,17,21,"[17, 18, 19, 20]",6
CBP 1-6 DO,4,13,8,2020,17,21,"[17, 18, 19, 20]",1
CBP 1-6 DO,4,13,8,2020,17,21,"[17, 18, 19, 20]",2
CBP 1-6 DO,4,13,8,2020,17,21,"[17, 18, 19, 20]",4
CBP 1-6 DO,4,13,8,2020,17,21,"[17, 18, 19, 20]",5
CBP 1-6 DO,4,13,8,2020,17,21,"[17, 18, 19, 20]",6
CBP 1-6 DA,6,14,8,2020,15,21,"[15, 16, 17, 18, 19, 20]",1
CBP 1-6 DA,6,14,8,2020,15,21,"[15, 16, 17, 18, 19, 20]",2
CBP 1-6 DA,6,14,8,2020,15,21,"[15, 16, 17, 18, 19, 20]",3
CBP 1-6 DA,6,14,8,2020,15,21,"[15, 16, 17, 18, 19, 20]",4
CBP 1-6 DA,6,14,8,2020,15,21,"[15, 16, 17, 18, 19, 20]",5
CBP 1-6 DA,6,14,8,2020,15,21,"[15, 16, 17, 18, 19, 20]",6
CBP 1-6 DO,6,14,8,2020,15,21,"[15, 16, 17, 18, 19, 20]",1
CBP 1-6 DO,6,14,8,2020,15,21,"[15, 16, 17, 18, 19, 20]",2
CBP 1-6 DO,6,14,8,2020,15,21,"[15, 16, 17, 18, 19, 20]",4
CBP 1-6 DO,6,14,8,2020,15,21,"[15, 16, 17, 18, 19, 20]",5
CBP 1-6 DO,6,14,8,2020,15,21,"[15, 16, 17, 18, 19, 20]",6
CBP 1-6 DA,6,17,8,2020,15,21,"[15, 16, 17, 18, 19, 20]",1
CBP 1-6 DA,6,17,8,2020,15,21,"[15, 16, 17, 18, 19, 20]",2
CBP 1-6 DA,6,17,8,2020,15,21,"[15, 16, 17, 18, 19, 20]",3
CBP 1-6 DA,6,17,8,2020,15,21,"[15, 16, 17, 18, 19, 20]",4
CBP 1-6 DA,6,17,8,2020,15,21,"[15, 16, 17, 18, 19, 20]",5
CBP 1-6 DA,6,17,8,2020,15,21,"[15, 16, 17, 18, 19, 20]",6
CBP 1-6 DO,6,17,8,2020,15,21,"[15, 16, 17, 18, 19, 20]",1
CBP 1-6 DO,6,17,8,2020,15,21,"[15, 16, 17, 18, 19, 20]",2
CBP 1-6 DO,6,17,8,2020,15,21,"[15, 16, 17, 18, 19, 20]",4
CBP 1-6 DO,6,17,8,2020,15,21,"[15, 16, 17, 18, 19, 20]",5
CBP 1-6 DO,6,17,8,2020,15,21,"[15, 16, 17, 18, 19, 20]",6
CBP 1-6 DO,6,18,8,2020,15,21,"[15, 16, 17, 18, 19, 20]",5
CBP 1-6 DA,1,3,9,2020,18,19,[18],3
CBP 1-6 DA,1,3,9,2020,18,19,[18],4
CBP 1-6 DO,1,3,9,2020,18,19,[18],4
CBP 1-6 DA,2,3,9,2020,18,20,"[18, 19]",1
CBP 1-6 DA,2,3,9,2020,18,20,"[18, 19]",2
CBP 1-6 DA,2,3,9,2020,18,20,"[18, 19]",5
CBP 1-6 DA,2,3,9,2020,18,20,"[18, 19]",6
CBP 1-6 DO,2,3,9,2020,18,20,"[18, 19]",1
CBP 1-6 DO,2,3,9,2020,18,20,"[18, 19]",2
CBP 1-6 DO,2,3,9,2020,18,20,"[18, 19]",5
CBP 1-6 DO,2,3,9,2020,18,20,"[18, 19]",6
CBP 1-6 DA,6,4,9,2020,15,21,"[15, 16, 17, 18, 19, 20]",1
CBP 1-6 DA,6,4,9,2020,15,21,"[15, 16, 17, 18, 19, 20]",2
CBP 1-6 DA,6,4,9,2020,15,21,"[15, 16, 17, 18, 19, 20]",5
CBP 1-6 DA,6,4,9,2020,15,21,"[15, 16, 17, 18, 19, 20]",6
CBP 1-6 DO,6,4,9,2020,15,21,"[15, 16, 17, 18, 19, 20]",1
CBP 1-6 DO,6,4,9,2020,15,21,"[15, 16, 17, 18, 19, 20]",2
CBP 1-6 DO,6,4,9,2020,15,21,"[15, 16, 17, 18, 19, 20]",5
CBP 1-6 DO,6,4,9,2020,15,21,"[15, 16, 17, 18, 19, 20]",6
CBP 1-6 DA,5,4,9,2020,16,21,"[16, 17, 18, 19, 20]",3
CBP 1-6 DA,5,4,9,2020,16,21,"[16, 17, 18, 19, 20]",4
CBP 1-6 DO,5,4,9,2020,16,21,"[16, 17, 18, 19, 20]",4
CBP 1-6 DA,6,8,9,2020,15,21,"[15, 16, 17, 18, 19, 20]",1
CBP 1-6 DA,6,8,9,2020,15,21,"[15, 16, 17, 18, 19, 20]",2
CBP 1-6 DA,6,8,9,2020,15,21,"[15, 16, 17, 18, 19, 20]",4
CBP 1-6 DA,6,8,9,2020,15,21,"[15, 16, 17, 18, 19, 20]",5
CBP 1-6 DA,6,8,9,2020,15,21,"[15, 16, 17, 18, 19, 20]",6
CBP 1-6 DO,6,8,9,2020,15,21,"[15, 16, 17, 18, 19, 20]",1
CBP 1-6 DO,6,8,9,2020,15,21,"[15, 16, 17, 18, 19, 20]",2
CBP 1-6 DO,6,8,9,2020,15,21,"[15, 16, 17, 18, 19, 20]",4
CBP 1-6 DO,6,8,9,2020,15,21,"[15, 16, 17, 18, 19, 20]",5
CBP 1-6 DO,6,8,9,2020,15,21,"[15, 16, 17, 18, 19, 20]",6
CBP 1-6 DA,5,8,9,2020,16,21,"[16, 17, 18, 19, 20]",3
CBP 1-6 DA,1,9,9,2020,18,19,[18],3
CBP 1-6 DA,2,9,9,2020,18,20,"[18, 19]",1
CBP 1-6 DA,2,9,9,2020,18,20,"[18, 19]",2
CBP 1-6 DA,2,9,9,2020,18,20,"[18, 19]",4
CBP 1-6 DA,2,9,9,2020,18,20,"[18, 19]",5
CBP 1-6 DA,2,9,9,2020,18,20,"[18, 19]",6
CBP 1-6 DO,2,9,9,2020,18,20,"[18, 19]",1
CBP 1-6 DO,2,9,9,2020,18,20,"[18, 19]",2
CBP 1-6 DO,2,9,9,2020,18,20,"[18, 19]",4
CBP 1-6 DO,2,9,9,2020,18,20,"[18, 19]",5
CBP 1-6 DO,2,9,9,2020,18,20,"[18, 19]",6
CBP 1-6 DA,1,10,9,2020,18,19,[18],1
CBP 1-6 DA,1,10,9,2020,18,19,[18],2
CBP 1-6 DA,1,10,9,2020,18,19,[18],3
CBP 1-6 DA,1,10,9,2020,18,19,[18],4
CBP 1-6 DA,1,10,9,2020,18,19,[18],5
CBP 1-6 DA,1,10,9,2020,18,19,[18],6
CBP 1-6 DO,1,10,9,2020,18,19,[18],1
CBP 1-6 DO,1,10,9,2020,18,19,[18],2
CBP 1-6 DO,1,10,9,2020,18,19,[18],4
CBP 1-6 DO,1,10,9,2020,18,19,[18],5
CBP 1-6 DO,1,10,9,2020,18,19,[18],6
CBP 1-6 DA,5,1,10,2020,15,20,"[15, 16, 17, 18, 19]",1
CBP 1-6 DA,5,1,10,2020,15,20,"[15, 16, 17, 18, 19]",6
CBP 1-6 DO,5,1,10,2020,15,20,"[15, 16, 17, 18, 19]",1
CBP 1-6 DO,5,1,10,2020,15,20,"[15, 16, 17, 18, 19]",6
CBP 1-6 DA,4,1,10,2020,16,20,"[16, 17, 18, 19]",2
CBP 1-6 DA,4,1,10,2020,16,20,"[16, 17, 18, 19]",3
CBP 1-6 DA,4,1,10,2020,16,20,"[16, 17, 18, 19]",4
CBP 1-6 DA,4,1,10,2020,16,20,"[16, 17, 18, 19]",5
CBP 1-6 DO,4,1,10,2020,16,20,"[16, 17, 18, 19]",2
CBP 1-6 DO,4,1,10,2020,16,20,"[16, 17, 18, 19]",4
CBP 1-6 DO,4,1,10,2020,16,20,"[16, 17, 18, 19]",5
CBP 1-6 DA,4,2,10,2020,16,20,"[16, 17, 18, 19]",1
CBP 1-6 DA,4,2,10,2020,16,20,"[16, 17, 18, 19]",2
CBP 1-6 DA,4,2,10,2020,16,20,"[16, 17, 18, 19]",4
CBP 1-6 DA,4,2,10,2020,16,20,"[16, 17, 18, 19]",5
CBP 1-6 DA,4,2,10,2020,16,20,"[16, 17, 18, 19]",6
CBP 1-6 DO,4,2,10,2020,16,20,"[16, 17, 18, 19]",1
CBP 1-6 DO,4,2,10,2020,16,20,"[16, 17, 18, 19]",2
CBP 1-6 DO,4,2,10,2020,16,20,"[16, 17, 18, 19]",4
CBP 1-6 DO,4,2,10,2020,16,20,"[16, 17, 18, 19]",5
CBP 1-6 DO,4,2,10,2020,16,20,"[16, 17, 18, 19]",6
CBP 1-6 DA,2,2,10,2020,17,19,"[17, 18]",3
CBP 1-6 DA,2,5,10,2020,17,19,"[17, 18]",1
CBP 1-6 DA,2,5,10,2020,17,19,"[17, 18]",2
CBP 1-6 DA,2,5,10,2020,17,19,"[17, 18]",3
CBP 1-6 DA,2,5,10,2020,17,19,"[17, 18]",4
CBP 1-6 DA,2,5,10,2020,17,19,"[17, 18]",5
CBP 1-6 DA,2,5,10,2020,17,19,"[17, 18]",6
CBP 1-6 DO,2,5,10,2020,17,19,"[17, 18]",1
CBP 1-6 DO,2,5,10,2020,17,19,"[17, 18]",2
CBP 1-6 DO,2,5,10,2020,17,19,"[17, 18]",4
CBP 1-6 DO,2,5,10,2020,17,19,"[17, 18]",5
CBP 1-6 DO,2,5,10,2020,17,19,"[17, 18]",6
CBP 1-6 DA,2,6,10,2020,17,19,"[17, 18]",1
CBP 1-6 DA,2,6,10,2020,17,19,"[17, 18]",2
CBP 1-6 DA,2,6,10,2020,17,19,"[17, 18]",3
CBP 1-6 DA,2,6,10,2020,17,19,"[17, 18]",4
CBP 1-6 DA,2,6,10,2020,17,19,"[17, 18]",5
CBP 1-6 DA,2,6,10,2020,17,19,"[17, 18]",6
CBP 1-6 DO,2,6,10,2020,17,19,"[17, 18]",1
CBP 1-6 DO,2,6,10,2020,17,19,"[17, 18]",2
CBP 1-6 DO,2,6,10,2020,17,19,"[17, 18]",4
CBP 1-6 DO,2,6,10,2020,17,19,"[17, 18]",5
CBP 1-6 DO,2,6,10,2020,17,19,"[17, 18]",6
CBP 1-6 DA,2,7,10,2020,17,19,"[17, 18]",4
CBP 1-6 DA,2,7,10,2020,17,19,"[17, 18]",6
CBP 1-6 DO,2,7,10,2020,17,19,"[17, 18]",4
CBP 1-6 DO,2,7,10,2020,17,19,"[17, 18]",6
CBP 1-6 DA,1,7,10,2020,18,19,[18],1
CBP 1-6 DA,1,7,10,2020,18,19,[18],2
CBP 1-6 DA,1,7,10,2020,18,19,[18],3
CBP 1-6 DA,1,7,10,2020,18,19,[18],5
CBP 1-6 DO,1,7,10,2020,18,19,[18],1
CBP 1-6 DO,1,7,10,2020,18,19,[18],2
CBP 1-6 DO,1,7,10,2020,18,19,[18],5
CBP 1-6 DA,3,2,11,2020,16,19,"[16, 17, 18]",1
CBP 1-6 DA,3,2,11,2020,16,19,"[16, 17, 18]",2
CBP 1-6 DO,3,2,11,2020,16,19,"[16, 17, 18]",1
CBP 1-6 DO,3,2,11,2020,16,19,"[16, 17, 18]",6
CBP 1-6 DA,3,3,11,2020,16,19,"[16, 17, 18]",1
CBP 1-6 DA,3,3,11,2020,16,19,"[16, 17, 18]",2
CBP 1-6 DO,3,3,11,2020,16,19,"[16, 17, 18]",1
CBP 1-6 DO,3,3,11,2020,16,19,"[16, 17, 18]",6
CBP 1-6 DA,4,4,11,2020,16,20,"[16, 17, 18, 19]",1
CBP 1-6 DA,4,4,11,2020,16,20,"[16, 17, 18, 19]",2
CBP 1-6 DO,4,4,11,2020,16,20,"[16, 17, 18, 19]",1
CBP 1-6 DO,4,4,11,2020,16,20,"[16, 17, 18, 19]",6
CBP 1-6 DA,5,5,11,2020,15,20,"[15, 16, 17, 18, 19]",1
CBP 1-6 DA,5,5,11,2020,15,20,"[15, 16, 17, 18, 19]",2
CBP 1-6 DO,5,5,11,2020,15,20,"[15, 16, 17, 18, 19]",1
CBP 1-6 DO,5,5,11,2020,15,20,"[15, 16, 17, 18, 19]",6
CBP 1-6 DA,1,6,11,2020,17,18,[17],1
CBP 1-6 DA,1,6,11,2020,17,18,[17],2
CBP 1-6 DO,1,6,11,2020,17,18,[17],1
CBP 1-6 DO,1,6,11,2020,17,18,[17],6
CBP 1-6 DA,3,9,11,2020,17,20,"[17, 18, 19]",1
CBP 1-6 DA,3,9,11,2020,17,20,"[17, 18, 19]",2
CBP 1-6 DO,3,9,11,2020,17,20,"[17, 18, 19]",5
CBP 1-6 DO,1,10,11,2020,17,18,[17],5
CBP 1-6 DO,1,12,11,2020,17,18,[17],5
CBP 1-6 DO,1,13,11,2020,17,18,[17],5
CBP 1-6 DO,2,16,11,2020,16,18,"[16, 17]",5
CBP 1-6 DA,1,1,12,2020,17,18,[17],1
CBP 1-6 DA,1,1,12,2020,17,18,[17],2
CBP 1-6 DA,1,1,12,2020,17,18,[17],4
CBP 1-6 DO,1,1,12,2020,17,18,[17],1
CBP 1-6 DO,1,1,12,2020,17,18,[17],5
CBP 1-6 DO,1,1,12,2020,17,18,[17],6
CBP 1-6 DA,1,2,12,2020,17,18,[17],1
CBP 1-6 DA,1,2,12,2020,17,18,[17],2
CBP 1-6 DA,1,2,12,2020,17,18,[17],4
CBP 1-6 DO,1,2,12,2020,17,18,[17],1
CBP 1-6 DO,1,2,12,2020,17,18,[17],5
CBP 1-6 DO,1,2,12,2020,17,18,[17],6
CBP 1-6 DA,1,3,12,2020,17,18,[17],1
CBP 1-6 DA,1,3,12,2020,17,18,[17],2
CBP 1-6 DA,1,3,12,2020,17,18,[17],4
CBP 1-6 DO,1,3,12,2020,17,18,[17],1
CBP 1-6 DO,1,3,12,2020,17,18,[17],5
CBP 1-6 DO,1,3,12,2020,17,18,[17],6
CBP 1-6 DA,1,4,12,2020,17,18,[17],1
CBP 1-6 DA,1,4,12,2020,17,18,[17],2
CBP 1-6 DA,1,4,12,2020,17,18,[17],4
CBP 1-6 DO,1,4,12,2020,17,18,[17],1
CBP 1-6 DO,1,4,12,2020,17,18,[17],5
CBP 1-6 DO,1,4,12,2020,17,18,[17],6
CBP 1-6 DA,2,7,12,2020,17,19,"[17, 18]",1
CBP 1-6 DA,2,7,12,2020,17,19,"[17, 18]",2
CBP 1-6 DO,2,7,12,2020,17,19,"[17, 18]",1
CBP 1-6 DO,2,7,12,2020,17,19,"[17, 18]",6
CBP 1-6 DA,2,8,12,2020,17,19,"[17, 18]",4
CBP 1-6 DO,2,8,12,2020,17,19,"[17, 18]",5
CBP 1-6 DA,2,4,1,2021,17,19,"[17, 18]",2
CBP 1-6 DA,2,4,1,2021,17,19,"[17, 18]",6
CBP 1-6 DO,2,4,1,2021,17,19,"[17, 18]",6
CBP 1-6 DA,1,5,1,2021,17,18,[17],1
CBP 1-6 DA,1,5,1,2021,17,18,[17],6
CBP 1-6 DO,1,5,1,2021,17,18,[17],1
CBP 1-6 DO,1,5,1,2021,17,18,[17],6
CBP 1-6 DA,2,5,1,2021,17,19,"[17, 18]",2
CBP 1-6 DA,1,6,1,2021,17,18,[17],2
CBP 1-6 DA,1,12,1,2021,17,18,[17],2
CBP 1-6 DA,1,9,2,2021,18,19,[18],2
CBP 1-6 DA,1,10,2,2021,18,19,[18],2
CBP 1-6 DA,5,12,2,2021,16,21,"[16, 17, 18, 19, 20]",1
CBP 1-6 DA,5,12,2,2021,16,21,"[16, 17, 18, 19, 20]",2
CBP 1-6 DA,5,12,2,2021,16,21,"[16, 17, 18, 19, 20]",4
CBP 1-6 DO,5,12,2,2021,16,21,"[16, 17, 18, 19, 20]",1
CBP 1-6 DO,5,12,2,2021,16,21,"[16, 17, 18, 19, 20]",5
CBP 1-6 DO,5,12,2,2021,16,21,"[16, 17, 18, 19, 20]",6
CBP 1-6 DA,4,16,2,2021,16,20,"[16, 17, 18, 19]",4
CBP 1-6 DA,5,16,2,2021,16,21,"[16, 17, 18, 19, 20]",1
CBP 1-6 DA,5,16,2,2021,16,21,"[16, 17, 18, 19, 20]",2
CBP 1-6 DO,5,16,2,2021,16,21,"[16, 17, 18, 19, 20]",1
CBP 1-6 DO,5,16,2,2021,16,21,"[16, 17, 18, 19, 20]",5
CBP 1-6 DO,5,16,2,2021,16,21,"[16, 17, 18, 19, 20]",6
CBP 1-6 DA,6,17,2,2021,15,21,"[15, 16, 17, 18, 19, 20]",1
CBP 1-6 DA,6,17,2,2021,15,21,"[15, 16, 17, 18, 19, 20]",2
CBP 1-6 DA,6,17,2,2021,15,21,"[15, 16, 17, 18, 19, 20]",4
CBP 1-6 DO,6,17,2,2021,15,21,"[15, 16, 17, 18, 19, 20]",1
CBP 1-6 DO,6,17,2,2021,15,21,"[15, 16, 17, 18, 19, 20]",5
CBP 1-6 DO,6,17,2,2021,15,21,"[15, 16, 17, 18, 19, 20]",6
CBP 1-6 DO,6,18,2,2021,15,21,"[15, 16, 17, 18, 19, 20]",6
CBP 1-6 DA,5,18,2,2021,16,21,"[16, 17, 18, 19, 20]",1
CBP 1-6 DA,5,18,2,2021,16,21,"[16, 17, 18, 19, 20]",4
CBP 1-6 DO,5,18,2,2021,16,21,"[16, 17, 18, 19, 20]",1
CBP 1-6 DO,5,18,2,2021,16,21,"[16, 17, 18, 19, 20]",5
CBP 1-6 DA,4,19,2,2021,17,21,"[17, 18, 19, 20]",1
CBP 1-6 DA,4,19,2,2021,17,21,"[17, 18, 19, 20]",4
CBP 1-6 DO,4,19,2,2021,17,21,"[17, 18, 19, 20]",1
CBP 1-6 DO,4,19,2,2021,17,21,"[17, 18, 19, 20]",5
CBP 1-6 DO,4,19,2,2021,17,21,"[17, 18, 19, 20]",6
CBP 1-6 DA,1,1,3,2021,18,19,[18],4
CBP 1-6 DA,1,1,3,2021,18,19,[18],6
CBP 1-6 DO,1,1,3,2021,18,19,[18],5
CBP 1-6 DO,1,1,3,2021,18,19,[18],6
CBP 1-6 DA,1,4,3,2021,18,19,[18],4
CBP 1-6 DA,1,8,3,2021,18,19,[18],1
CBP 1-6 DA,1,8,3,2021,18,19,[18],2
CBP 1-6 DA,1,8,3,2021,18,19,[18],4
CBP 1-6 DA,1,8,3,2021,18,19,[18],6
CBP 1-6 DO,1,8,3,2021,18,19,[18],1
CBP 1-6 DO,1,8,3,2021,18,19,[18],5
CBP 1-6 DO,1,8,3,2021,18,19,[18],6
CBP 1-6 DA,1,15,3,2021,19,20,[19],1
CBP 1-6 DA,1,15,3,2021,19,20,[19],2
CBP 1-6 DO,1,15,3,2021,19,20,[19],1
CBP 1-6 DA,1,16,3,2021,19,20,[19],1
CBP 1-6 DA,1,16,3,2021,19,20,[19],2
CBP 1-6 DA,1,16,3,2021,19,20,[19],4
CBP 1-6 DA,1,16,3,2021,19,20,[19],6
CBP 1-6 DO,1,16,3,2021,19,20,[19],1
CBP 1-6 DO,1,16,3,2021,19,20,[19],5
CBP 1-6 DO,1,16,3,2021,19,20,[19],6
CBP 1-6 DA,1,17,3,2021,19,20,[19],1
CBP 1-6 DA,1,17,3,2021,19,20,[19],2
CBP 1-6 DA,1,17,3,2021,19,20,[19],4
CBP 1-6 DA,1,17,3,2021,19,20,[19],6
CBP 1-6 DO,1,17,3,2021,19,20,[19],1
CBP 1-6 DO,1,17,3,2021,19,20,[19],5
CBP 1-6 DO,1,17,3,2021,19,20,[19],6
CBP 1-6 DA,1,30,3,2021,19,20,[19],1
CBP 1-6 DA,1,30,3,2021,19,20,[19],2
CBP 1-6 DA,1,30,3,2021,19,20,[19],6
CBP 1-6 DO,1,30,3,2021,19,20,[19],1
CBP 1-6 DO,1,30,3,2021,19,20,[19],5
CBP 1-6 DO,1,30,3,2021,19,20,[19],6
CBP 1-6 DA,2,1,4,2021,18,20,"[18, 19]",2
CBP 1-6 DO,2,1,4,2021,18,20,"[18, 19]",5
CBP 1-6 DO,2,1,4,2021,18,20,"[18, 19]",6
CBP 1-6 DA,3,1,4,2021,18,21,"[18, 19, 20]",4
CBP 1-6 DA,1,1,4,2021,19,20,[19],1
CBP 1-6 DO,1,1,4,2021,19,20,[19],1
CBP 1-6 DA,2,12,4,2021,19,21,"[19, 20]",1
CBP 1-6 DA,2,12,4,2021,19,21,"[19, 20]",2
CBP 1-6 DA,2,12,4,2021,19,21,"[19, 20]",4
CBP 1-6 DO,2,12,4,2021,19,21,"[19, 20]",1
CBP 1-6 DO,2,12,4,2021,19,21,"[19, 20]",5
CBP 1-6 DO,2,12,4,2021,19,21,"[19, 20]",6
CBP 1-6 DA,1,13,4,2021,19,20,[19],1
CBP 1-6 DA,1,13,4,2021,19,20,[19],4
CBP 1-6 DO,1,13,4,2021,19,20,[19],1
CBP 1-6 DO,1,13,4,2021,19,20,[19],5
CBP 1-6 DO,1,13,4,2021,19,20,[19],6
CBP 1-6 DA,2,13,4,2021,19,21,"[19, 20]",2
CBP 1-6 DA,1,19,4,2021,19,20,[19],4
CBP 1-6 DA,2,19,4,2021,19,21,"[19, 20]",1
CBP 1-6 DA,2,19,4,2021,19,21,"[19, 20]",2
CBP 1-6 DO,2,19,4,2021,19,21,"[19, 20]",1
CBP 1-6 DO,2,19,4,2021,19,21,"[19, 20]",5
CBP 1-6 DO,2,19,4,2021,19,21,"[19, 20]",6
CBP 1-6 DA,1,28,4,2021,20,21,[20],2
CBP 1-6 DA,1,29,4,2021,19,20,[19],1
CBP 1-6 DA,1,29,4,2021,19,20,[19],4
CBP 1-6 DO,1,29,4,2021,19,20,[19],1
CBP 1-6 DO,1,29,4,2021,19,20,[19],5
CBP 1-6 DO,1,29,4,2021,19,20,[19],6
CBP 1-6 DA,1,4,5,2021,19,20,[19],1
CBP 1-6 DA,1,4,5,2021,19,20,[19],2
CBP 1-6 DA,1,4,5,2021,19,20,[19],3
CBP 1-6 DA,1,4,5,2021,19,20,[19],4
CBP 1-6 DA,1,4,5,2021,19,20,[19],5
CBP 1-6 DA,1,4,5,2021,19,20,[19],6
CBP 1-6 DO,1,4,5,2021,19,20,[19],1
CBP 1-6 DO,1,4,5,2021,19,20,[19],2
CBP 1-6 DO,1,4,5,2021,19,20,[19],4
CBP 1-6 DO,1,4,5,2021,19,20,[19],5
CBP 1-6 DO,1,4,5,2021,19,20,[19],6
CBP 1-6 DA,2,5,5,2021,19,21,"[19, 20]",1
CBP 1-6 DA,2,5,5,2021,19,21,"[19, 20]",2
CBP 1-6 DA,2,5,5,2021,19,21,"[19, 20]",3
CBP 1-6 DA,2,5,5,2021,19,21,"[19, 20]",4
CBP 1-6 DA,2,5,5,2021,19,21,"[19, 20]",5
CBP 1-6 DA,2,5,5,2021,19,21,"[19, 20]",6
CBP 1-6 DO,2,5,5,2021,19,21,"[19, 20]",1
CBP 1-6 DO,2,5,5,2021,19,21,"[19, 20]",2
CBP 1-6 DO,2,5,5,2021,19,21,"[19, 20]",4
CBP 1-6 DO,2,5,5,2021,19,21,"[19, 20]",5
CBP 1-6 DO,2,5,5,2021,19,21,"[19, 20]",6
CBP 1-6 DA,1,6,5,2021,19,20,[19],1
CBP 1-6 DA,1,6,5,2021,19,20,[19],2
CBP 1-6 DA,1,6,5,2021,19,20,[19],3
CBP 1-6 DA,1,6,5,2021,19,20,[19],4
CBP 1-6 DA,1,6,5,2021,19,20,[19],5
CBP 1-6 DA,1,6,5,2021,19,20,[19],6
CBP 1-6 DO,1,6,5,2021,19,20,[19],1
CBP 1-6 DO,1,6,5,2021,19,20,[19],2
CBP 1-6 DO,1,6,5,2021,19,20,[19],4
CBP 1-6 DO,1,6,5,2021,19,20,[19],5
CBP 1-6 DO,1,6,5,2021,19,20,[19],6
CBP 1-6 DA,2,11,5,2021,19,21,"[19, 20]",1
CBP 1-6 DA,2,11,5,2021,19,21,"[19, 20]",2
CBP 1-6 DA,2,11,5,2021,19,21,"[19, 20]",3
CBP 1-6 DA,2,11,5,2021,19,21,"[19, 20]",4
CBP 1-6 DA,2,11,5,2021,19,21,"[19, 20]",5
CBP 1-6 DA,2,11,5,2021,19,21,"[19, 20]",6
CBP 1-6 DO,2,11,5,2021,19,21,"[19, 20]",1
CBP 1-6 DO,2,11,5,2021,19,21,"[19, 20]",2
CBP 1-6 DO,2,11,5,2021,19,21,"[19, 20]",4
CBP 1-6 DO,2,11,5,2021,19,21,"[19, 20]",5
CBP 1-6 DO,2,11,5,2021,19,21,"[19, 20]",6
CBP 1-6 DA,1,12,5,2021,19,20,[19],1
CBP 1-6 DA,1,12,5,2021,19,20,[19],2
CBP 1-6 DA,1,12,5,2021,19,20,[19],3
CBP 1-6 DA,1,12,5,2021,19,20,[19],4
CBP 1-6 DA,1,12,5,2021,19,20,[19],5
CBP 1-6 DA,1,12,5,2021,19,20,[19],6
CBP 1-6 DO,1,12,5,2021,19,20,[19],1
CBP 1-6 DO,1,12,5,2021,19,20,[19],2
CBP 1-6 DO,1,12,5,2021,19,20,[19],4
CBP 1-6 DO,1,12,5,2021,19,20,[19],5
CBP 1-6 DO,1,12,5,2021,19,20,[19],6
CBP 1-6 DA,3,1,6,2021,18,21,"[18, 19, 20]",1
CBP 1-6 DA,3,1,6,2021,18,21,"[18, 19, 20]",2
CBP 1-6 DA,3,1,6,2021,18,21,"[18, 19, 20]",3
CBP 1-6 DA,3,1,6,2021,18,21,"[18, 19, 20]",4
CBP 1-6 DA,3,1,6,2021,18,21,"[18, 19, 20]",5
CBP 1-6 DA,3,1,6,2021,18,21,"[18, 19, 20]",6
CBP 1-6 DO,3,1,6,2021,18,21,"[18, 19, 20]",1
CBP 1-6 DO,3,1,6,2021,18,21,"[18, 19, 20]",2
CBP 1-6 DO,3,1,6,2021,18,21,"[18, 19, 20]",4
CBP 1-6 DO,3,1,6,2021,18,21,"[18, 19, 20]",6
CBP 1-6 DA,3,2,6,2021,18,21,"[18, 19, 20]",1
CBP 1-6 DA,3,2,6,2021,18,21,"[18, 19, 20]",2
CBP 1-6 DA,3,2,6,2021,18,21,"[18, 19, 20]",3
CBP 1-6 DA,3,2,6,2021,18,21,"[18, 19, 20]",4
CBP 1-6 DA,3,2,6,2021,18,21,"[18, 19, 20]",5
CBP 1-6 DA,3,2,6,2021,18,21,"[18, 19, 20]",6
CBP 1-6 DO,3,2,6,2021,18,21,"[18, 19, 20]",1
CBP 1-6 DO,3,2,6,2021,18,21,"[18, 19, 20]",2
CBP 1-6 DO,3,2,6,2021,18,21,"[18, 19, 20]",4
CBP 1-6 DO,3,2,6,2021,18,21,"[18, 19, 20]",6
CBP 1-6 DA,1,3,6,2021,19,20,[19],3
CBP 1-6 DA,2,3,6,2021,19,21,"[19, 20]",1
CBP 1-6 DA,2,3,6,2021,19,21,"[19, 20]",2
CBP 1-6 DA,2,3,6,2021,19,21,"[19, 20]",4
CBP 1-6 DA,2,3,6,2021,19,21,"[19, 20]",5
CBP 1-6 DA,2,3,6,2021,19,21,"[19, 20]",6
CBP 1-6 DO,2,3,6,2021,19,21,"[19, 20]",1
CBP 1-6 DO,2,3,6,2021,19,21,"[19, 20]",2
CBP 1-6 DO,2,3,6,2021,19,21,"[19, 20]",4
CBP 1-6 DO,2,3,6,2021,19,21,"[19, 20]",6
CBP 1-6 DA,6,14,6,2021,15,21,"[15, 16, 17, 18, 19, 20]",1
CBP 1-6 DA,6,14,6,2021,15,21,"[15, 16, 17, 18, 19, 20]",2
CBP 1-6 DA,6,14,6,2021,15,21,"[15, 16, 17, 18, 19, 20]",4
CBP 1-6 DA,6,14,6,2021,15,21,"[15, 16, 17, 18, 19, 20]",5
CBP 1-6 DA,6,14,6,2021,15,21,"[15, 16, 17, 18, 19, 20]",6
CBP 1-6 DO,6,14,6,2021,15,21,"[15, 16, 17, 18, 19, 20]",1
CBP 1-6 DO,6,14,6,2021,15,21,"[15, 16, 17, 18, 19, 20]",2
CBP 1-6 DO,6,14,6,2021,15,21,"[15, 16, 17, 18, 19, 20]",4
CBP 1-6 DO,6,14,6,2021,15,21,"[15, 16, 17, 18, 19, 20]",6
CBP 1-6 DA,5,14,6,2021,16,21,"[16, 17, 18, 19, 20]",3
CBP 1-6 DA,6,15,6,2021,15,21,"[15, 16, 17, 18, 19, 20]",1
CBP 1-6 DA,6,15,6,2021,15,21,"[15, 16, 17, 18, 19, 20]",2
CBP 1-6 DA,6,15,6,2021,15,21,"[15, 16, 17, 18, 19, 20]",3
CBP 1-6 DA,6,15,6,2021,15,21,"[15, 16, 17, 18, 19, 20]",4
CBP 1-6 DA,6,15,6,2021,15,21,"[15, 16, 17, 18, 19, 20]",5
CBP 1-6 DA,6,15,6,2021,15,21,"[15, 16, 17, 18, 19, 20]",6
CBP 1-6 DO,6,15,6,2021,15,21,"[15, 16, 17, 18, 19, 20]",1
CBP 1-6 DO,6,15,6,2021,15,21,"[15, 16, 17, 18, 19, 20]",2
CBP 1-6 DO,6,15,6,2021,15,21,"[15, 16, 17, 18, 19, 20]",4
CBP 1-6 DO,6,15,6,2021,15,21,"[15, 16, 17, 18, 19, 20]",5
CBP 1-6 DO,6,15,6,2021,15,21,"[15, 16, 17, 18, 19, 20]",6
CBP 1-6 DO,6,16,6,2021,15,21,"[15, 16, 17, 18, 19, 20]",5
CBP 1-6 DO,6,17,6,2021,15,21,"[15, 16, 17, 18, 19, 20]",5
CBP 1-6 DO,6,18,6,2021,15,21,"[15, 16, 17, 18, 19, 20]",5
CBP 1-6 DA,2,1,7,2021,19,21,"[19, 20]",1
CBP 1-6 DA,2,1,7,2021,19,21,"[19, 20]",2
CBP 1-6 DA,2,1,7,2021,19,21,"[19, 20]",4
CBP 1-6 DA,2,1,7,2021,19,21,"[19, 20]",5
CBP 1-6 DA,2,1,7,2021,19,21,"[19, 20]",6
CBP 1-6 DO,2,1,7,2021,19,21,"[19, 20]",1
CBP 1-6 DO,2,1,7,2021,19,21,"[19, 20]",6
CBP 1-6 DA,1,2,7,2021,19,20,[19],1
CBP 1-6 DA,1,2,7,2021,19,20,[19],2
CBP 1-6 DA,1,2,7,2021,19,20,[19],3
CBP 1-6 DA,1,2,7,2021,19,20,[19],4
CBP 1-6 DA,1,2,7,2021,19,20,[19],5
CBP 1-6 DA,1,2,7,2021,19,20,[19],6
CBP 1-6 DO,1,2,7,2021,19,20,[19],1
CBP 1-6 DO,1,2,7,2021,19,20,[19],2
CBP 1-6 DO,1,2,7,2021,19,20,[19],6
CBP 1-6 DO,2,2,7,2021,19,21,"[19, 20]",4
CBP 1-6 DA,1,5,7,2021,19,20,[19],4
CBP 1-6 DO,1,5,7,2021,19,20,[19],4
CBP 1-6 DA,2,6,7,2021,19,21,"[19, 20]",1
CBP 1-6 DA,2,6,7,2021,19,21,"[19, 20]",2
CBP 1-6 DA,2,6,7,2021,19,21,"[19, 20]",3
CBP 1-6 DA,2,6,7,2021,19,21,"[19, 20]",4
CBP 1-6 DA,2,6,7,2021,19,21,"[19, 20]",5
CBP 1-6 DA,2,6,7,2021,19,21,"[19, 20]",6
CBP 1-6 DO,2,6,7,2021,19,21,"[19, 20]",1
CBP 1-6 DO,2,6,7,2021,19,21,"[19, 20]",2
CBP 1-6 DO,2,6,7,2021,19,21,"[19, 20]",4
CBP 1-6 DO,2,6,7,2021,19,21,"[19, 20]",6
CBP 1-6 DO,4,7,7,2021,17,21,"[17, 18, 19, 20]",4
CBP 1-6 DA,3,7,7,2021,18,21,"[18, 19, 20]",1
CBP 1-6 DA,3,7,7,2021,18,21,"[18, 19, 20]",2
CBP 1-6 DA,3,7,7,2021,18,21,"[18, 19, 20]",3
CBP 1-6 DA,3,7,7,2021,18,21,"[18, 19, 20]",4
CBP 1-6 DA,3,7,7,2021,18,21,"[18, 19, 20]",5
CBP 1-6 DA,3,7,7,2021,18,21,"[18, 19, 20]",6
CBP 1-6 DO,3,7,7,2021,18,21,"[18, 19, 20]",1
CBP 1-6 DO,3,7,7,2021,18,21,"[18, 19, 20]",2
CBP 1-6 DO,3,7,7,2021,18,21,"[18, 19, 20]",6
CBP 1-6 DA,6,8,7,2021,15,21,"[15, 16, 17, 18, 19, 20]",1
CBP 1-6 DA,6,8,7,2021,15,21,"[15, 16, 17, 18, 19, 20]",2
CBP 1-6 DA,6,8,7,2021,15,21,"[15, 16, 17, 18, 19, 20]",3
CBP 1-6 DA,6,8,7,2021,15,21,"[15, 16, 17, 18, 19, 20]",5
CBP 1-6 DA,6,8,7,2021,15,21,"[15, 16, 17, 18, 19, 20]",6
CBP 1-6 DO,6,8,7,2021,15,21,"[15, 16, 17, 18, 19, 20]",1
CBP 1-6 DO,6,8,7,2021,15,21,"[15, 16, 17, 18, 19, 20]",2
CBP 1-6 DO,6,8,7,2021,15,21,"[15, 16, 17, 18, 19, 20]",4
CBP 1-6 DO,6,8,7,2021,15,21,"[15, 16, 17, 18, 19, 20]",6
CBP 1-6 DA,6,9,7,2021,15,21,"[15, 16, 17, 18, 19, 20]",3
CBP 1-6 DO,6,9,7,2021,15,21,"[15, 16, 17, 18, 19, 20]",2
CBP 1-6 DA,6,2,8,2021,15,21,"[15, 16, 17, 18, 19, 20]",1
CBP 1-6 DA,6,2,8,2021,15,21,"[15, 16, 17, 18, 19, 20]",2
CBP 1-6 DA,6,2,8,2021,15,21,"[15, 16, 17, 18, 19, 20]",3
CBP 1-6 DA,6,2,8,2021,15,21,"[15, 16, 17, 18, 19, 20]",4
CBP 1-6 DA,6,2,8,2021,15,21,"[15, 16, 17, 18, 19, 20]",5
CBP 1-6 DA,6,2,8,2021,15,21,"[15, 16, 17, 18, 19, 20]",6
CBP 1-6 DO,6,2,8,2021,15,21,"[15, 16, 17, 18, 19, 20]",1
CBP 1-6 DO,6,2,8,2021,15,21,"[15, 16, 17, 18, 19, 20]",2
CBP 1-6 DO,6,2,8,2021,15,21,"[15, 16, 17, 18, 19, 20]",4
CBP 1-6 DO,6,2,8,2021,15,21,"[15, 16, 17, 18, 19, 20]",6
CBP 1-6 DA,6,3,8,2021,15,21,"[15, 16, 17, 18, 19, 20]",1
CBP 1-6 DA,6,3,8,2021,15,21,"[15, 16, 17, 18, 19, 20]",2
CBP 1-6 DA,6,3,8,2021,15,21,"[15, 16, 17, 18, 19, 20]",3
CBP 1-6 DA,6,3,8,2021,15,21,"[15, 16, 17, 18, 19, 20]",4
CBP 1-6 DA,6,3,8,2021,15,21,"[15, 16, 17, 18, 19, 20]",5
CBP 1-6 DA,6,3,8,2021,15,21,"[15, 16, 17, 18, 19, 20]",6
CBP 1-6 DO,6,3,8,2021,15,21,"[15, 16, 17, 18, 19, 20]",1
CBP 1-6 DO,6,3,8,2021,15,21,"[15, 16, 17, 18, 19, 20]",2
CBP 1-6 DO,6,3,8,2021,15,21,"[15, 16, 17, 18, 19, 20]",4
CBP 1-6 DO,6,3,8,2021,15,21,"[15, 16, 17, 18, 19, 20]",6
CBP 1-6 DA,6,4,8,2021,15,21,"[15, 16, 17, 18, 19, 20]",1
CBP 1-6 DA,6,4,8,2021,15,21,"[15, 16, 17, 18, 19, 20]",2
CBP 1-6 DA,6,4,8,2021,15,21,"[15, 16, 17, 18, 19, 20]",3
CBP 1-6 DA,6,4,8,2021,15,21,"[15, 16, 17, 18, 19, 20]",4
CBP 1-6 DA,6,4,8,2021,15,21,"[15, 16, 17, 18, 19, 20]",5
CBP 1-6 DA,6,4,8,2021,15,21,"[15, 16, 17, 18, 19, 20]",6
CBP 1-6 DO,6,4,8,2021,15,21,"[15, 16, 17, 18, 19, 20]",1
CBP 1-6 DO,6,4,8,2021,15,21,"[15, 16, 17, 18, 19, 20]",2
CBP 1-6 DO,6,4,8,2021,15,21,"[15, 16, 17, 18, 19, 20]",4
CBP 1-6 DO,6,4,8,2021,15,21,"[15, 16, 17, 18, 19, 20]",6
CBP 1-6 DA,1,27,8,2021,18,19,[18],6
CBP 1-6 DO,1,27,8,2021,18,19,[18],6
CBP 1-6 DA,2,27,8,2021,18,20,"[18, 19]",1
CBP 1-6 DA,2,27,8,2021,18,20,"[18, 19]",2
CBP 1-6 DA,2,27,8,2021,18,20,"[18, 19]",3
CBP 1-6 DA,2,27,8,2021,18,20,"[18, 19]",4
CBP 1-6 DA,2,27,8,2021,18,20,"[18, 19]",5
CBP 1-6 DO,2,27,8,2021,18,20,"[18, 19]",1
CBP 1-6 DO,2,27,8,2021,18,20,"[18, 19]",2
CBP 1-6 DO,2,27,8,2021,18,20,"[18, 19]",4
CBP 1-6 DO,2,27,8,2021,18,20,"[18, 19]",5
CBP 1-6 DA,6,30,8,2021,15,21,"[15, 16, 17, 18, 19, 20]",1
CBP 1-6 DA,6,30,8,2021,15,21,"[15, 16, 17, 18, 19, 20]",2
CBP 1-6 DA,6,30,8,2021,15,21,"[15, 16, 17, 18, 19, 20]",3
CBP 1-6 DA,6,30,8,2021,15,21,"[15, 16, 17, 18, 19, 20]",4
CBP 1-6 DA,6,30,8,2021,15,21,"[15, 16, 17, 18, 19, 20]",5
CBP 1-6 DA,6,30,8,2021,15,21,"[15, 16, 17, 18, 19, 20]",6
CBP 1-6 DO,6,30,8,2021,15,21,"[15, 16, 17, 18, 19, 20]",1
CBP 1-6 DO,6,30,8,2021,15,21,"[15, 16, 17, 18, 19, 20]",2
CBP 1-6 DO,6,30,8,2021,15,21,"[15, 16, 17, 18, 19, 20]",4
CBP 1-6 DO,6,30,8,2021,15,21,"[15, 16, 17, 18, 19, 20]",5
CBP 1-6 DO,6,30,8,2021,15,21,"[15, 16, 17, 18, 19, 20]",6
CBP 1-6 DO,2,31,8,2021,18,20,"[18, 19]",5
CBP 1-6 DA,6,7,9,2021,15,21,"[15, 16, 17, 18, 19, 20]",1
CBP 1-6 DA,6,8,9,2021,15,21,"[15, 16, 17, 18, 19, 20]",1
CBP 1-6 DA,6,8,9,2021,15,21,"[15, 16, 17, 18, 19, 20]",6
CBP 1-6 DA,6,9,9,2021,15,21,"[15, 16, 17, 18, 19, 20]",1
CBP 1-6 DA,6,9,9,2021,15,21,"[15, 16, 17, 18, 19, 20]",6
CBP 1-6 DO,4,9,9,2021,17,21,"[17, 18, 19, 20]",1
CBP 1-6 DO,4,9,9,2021,17,21,"[17, 18, 19, 20]",6
CBP 1-6 DA,6,10,9,2021,15,21,"[15, 16, 17, 18, 19, 20]",1
CBP 1-6 DA,6,21,9,2021,15,21,"[15, 16, 17, 18, 19, 20]",1
CBP 1-6 DA,6,4,10,2021,15,21,"[15, 16, 17, 18, 19, 20]",6
CBP 1-6 DA,5,4,10,2021,16,21,"[16, 17, 18, 19, 20]",1
CBP 1-6 DA,4,15,10,2021,17,21,"[17, 18, 19, 20]",1
CBP 1-6 DA,4,19,10,2021,17,21,"[17, 18, 19, 20]",1
CBP 1-6 DA,4,27,10,2021,17,21,"[17, 18, 19, 20]",1
CBP 1-6 DA,4,28,10,2021,17,21,"[17, 18, 19, 20]",1
CBP 1-6 DA,4,28,10,2021,17,21,"[17, 18, 19, 20]",6
CBP 1-6 DO,5,3,1,2022,16,21,"[16, 17, 18, 19, 20]",1
CBP 1-6 DO,5,3,1,2022,16,21,"[16, 17, 18, 19, 20]",6
CBP 1-6 DO,5,5,1,2022,16,21,"[16, 17, 18, 19, 20]",1
CBP 1-6 DO,5,5,1,2022,16,21,"[16, 17, 18, 19, 20]",6
CBP 1-6 DO,1,31,1,2022,17,18,[17],1
CBP 1-6 DO,2,31,1,2022,17,19,"[17, 18]",6
CBP 1-6 DO,2,1,3,2022,17,19,"[17, 18]",5
CBP 1-6 DO,1,2,3,2022,18,19,[18],5
CBP 1-6 DO,2,7,3,2022,18,20,"[18, 19]",5
CBP 1-6 DO,1,8,3,2022,18,19,[18],5
CBP 1-6 DO,1,11,3,2022,18,19,[18],5
CBP 1-6 DO,3,22,3,2022,18,21,"[18, 19, 20]",1
CBP 1-6 DO,3,22,3,2022,18,21,"[18, 19, 20]",6
CBP 1-6 DO,3,23,3,2022,18,21,"[18, 19, 20]",6
CBP 1-6 DO,3,24,3,2022,18,21,"[18, 19, 20]",6
CBP 1-6 DO,3,25,3,2022,18,21,"[18, 19, 20]",1
CBP 1-6 DO,3,25,3,2022,18,21,"[18, 19, 20]",6
CBP 1-6 DO,3,28,3,2022,18,21,"[18, 19, 20]",6
CBP 1-6 DO,3,6,4,2022,18,21,"[18, 19, 20]",5
CBP 1-6 DO,3,6,4,2022,18,21,"[18, 19, 20]",6
CBP 1-6 DO,4,7,4,2022,17,21,"[17, 18, 19, 20]",5
CBP 1-6 DO,4,7,4,2022,17,21,"[17, 18, 19, 20]",6
CBP 1-6 DO,3,8,4,2022,18,21,"[18, 19, 20]",5
CBP 1-6 DO,3,11,4,2022,18,21,"[18, 19, 20]",5
CBP 1-6 DO,3,12,4,2022,18,21,"[18, 19, 20]",5
CBP 1-6 DO,4,18,4,2022,17,21,"[17, 18, 19, 20]",6
CBP 1-6 DO,5,25,4,2022,16,21,"[16, 17, 18, 19, 20]",6
CBP 1-6 DA,3,2,5,2022,18,21,"[18, 19, 20]",6
CBP 1-6 DO,3,2,5,2022,18,21,"[18, 19, 20]",1
CBP 1-6 DO,3,2,5,2022,18,21,"[18, 19, 20]",4
CBP 1-6 DO,3,2,5,2022,18,21,"[18, 19, 20]",5
CBP 1-6 DO,3,2,5,2022,18,21,"[18, 19, 20]",6
CBP 1-6 DA,3,3,5,2022,18,21,"[18, 19, 20]",1
CBP 1-6 DA,3,3,5,2022,18,21,"[18, 19, 20]",6
CBP 1-6 DO,3,3,5,2022,18,21,"[18, 19, 20]",1
CBP 1-6 DO,3,3,5,2022,18,21,"[18, 19, 20]",4
CBP 1-6 DO,3,3,5,2022,18,21,"[18, 19, 20]",5
CBP 1-6 DO,3,3,5,2022,18,21,"[18, 19, 20]",6
CBP 1-6 DA,4,4,5,2022,17,21,"[17, 18, 19, 20]",1
CBP 1-6 DO,4,4,5,2022,17,21,"[17, 18, 19, 20]",5
CBP 1-6 DO,4,4,5,2022,17,21,"[17, 18, 19, 20]",6
CBP 1-6 DO,3,4,5,2022,18,21,"[18, 19, 20]",1
CBP 1-6 DA,1,4,5,2022,19,20,[19],6
CBP 1-6 DO,1,4,5,2022,19,20,[19],4
CBP 1-6 DA,3,5,5,2022,18,21,"[18, 19, 20]",1
CBP 1-6 DO,3,5,5,2022,18,21,"[18, 19, 20]",1
CBP 1-6 DO,3,5,5,2022,18,21,"[18, 19, 20]",5
CBP 1-6 DO,3,5,5,2022,18,21,"[18, 19, 20]",6
CBP 1-6 DA,1,5,5,2022,19,20,[19],6
CBP 1-6 DO,1,5,5,2022,19,20,[19],4
CBP 1-6 DA,2,16,5,2022,19,21,"[19, 20]",1
CBP 1-6 DA,2,16,5,2022,19,21,"[19, 20]",6
CBP 1-6 DO,2,16,5,2022,19,21,"[19, 20]",4
CBP 1-6 DA,2,17,5,2022,19,21,"[19, 20]",1
CBP 1-6 DA,2,24,5,2022,19,21,"[19, 20]",5
CBP 1-6 DO,6,25,5,2022,15,21,"[15, 16, 17, 18, 19, 20]",2
CBP 1-6 DO,6,25,5,2022,15,21,"[15, 16, 17, 18, 19, 20]",6
CBP 1-6 DA,2,25,5,2022,19,21,"[19, 20]",5
CBP 1-6 DA,2,26,5,2022,19,21,"[19, 20]",5
CBP 1-6 DO,2,26,5,2022,19,21,"[19, 20]",2
CBP 1-6 DA,3,31,5,2022,18,21,"[18, 19, 20]",5
CBP 1-6 DO,3,31,5,2022,18,21,"[18, 19, 20]",2
CBP 1-6 DA,5,1,6,2022,16,21,"[16, 17, 18, 19, 20]",4
CBP 1-6 DA,5,1,6,2022,16,21,"[16, 17, 18, 19, 20]",6
CBP 1-6 DO,5,1,6,2022,16,21,"[16, 17, 18, 19, 20]",4
CBP 1-6 DA,4,1,6,2022,17,21,"[17, 18, 19, 20]",1
CBP 1-6 DA,4,1,6,2022,17,21,"[17, 18, 19, 20]",2
CBP 1-6 DA,4,1,6,2022,17,21,"[17, 18, 19, 20]",5
CBP 1-6 DA,4,2,6,2022,17,21,"[17, 18, 19, 20]",1
CBP 1-6 DA,4,2,6,2022,17,21,"[17, 18, 19, 20]",2
CBP 1-6 DA,4,2,6,2022,17,21,"[17, 18, 19, 20]",4
CBP 1-6 DA,4,2,6,2022,17,21,"[17, 18, 19, 20]",5
CBP 1-6 DA,4,2,6,2022,17,21,"[17, 18, 19, 20]",6
CBP 1-6 DO,4,2,6,2022,17,21,"[17, 18, 19, 20]",4
CBP 1-6 DO,6,8,6,2022,15,21,"[15, 16, 17, 18, 19, 20]",1
CBP 1-6 DO,6,8,6,2022,15,21,"[15, 16, 17, 18, 19, 20]",2
CBP 1-6 DO,6,8,6,2022,15,21,"[15, 16, 17, 18, 19, 20]",6
CBP 1-6 DO,6,9,6,2022,15,21,"[15, 16, 17, 18, 19, 20]",1
CBP 1-6 DO,6,9,6,2022,15,21,"[15, 16, 17, 18, 19, 20]",2
CBP 1-6 DO,6,9,6,2022,15,21,"[15, 16, 17, 18, 19, 20]",6
CBP 1-6 DA,1,9,6,2022,19,20,[19],1
CBP 1-6 DA,1,9,6,2022,19,20,[19],2
CBP 1-6 DA,1,9,6,2022,19,20,[19],4
CBP 1-6 DA,1,9,6,2022,19,20,[19],5
CBP 1-6 DA,1,9,6,2022,19,20,[19],6
CBP 1-6 DO,1,9,6,2022,19,20,[19],4
CBP 1-6 DO,6,10,6,2022,15,21,"[15, 16, 17, 18, 19, 20]",1
CBP 1-6 DO,6,10,6,2022,15,21,"[15, 16, 17, 18, 19, 20]",2
CBP 1-6 DO,6,10,6,2022,15,21,"[15, 16, 17, 18, 19, 20]",5
CBP 1-6 DO,6,10,6,2022,15,21,"[15, 16, 17, 18, 19, 20]",6
CBP 1-6 DA,1,10,6,2022,19,20,[19],1
CBP 1-6 DA,1,10,6,2022,19,20,[19],2
CBP 1-6 DA,1,10,6,2022,19,20,[19],4
CBP 1-6 DA,1,10,6,2022,19,20,[19],5
CBP 1-6 DA,1,10,6,2022,19,20,[19],6
CBP 1-6 DO,1,10,6,2022,19,20,[19],4
CBP 1-6 DO,5,23,6,2022,16,21,"[16, 17, 18, 19, 20]",1
CBP 1-6 DO,5,23,6,2022,16,21,"[16, 17, 18, 19, 20]",2
CBP 1-6 DA,2,23,6,2022,19,21,"[19, 20]",1
CBP 1-6 DA,2,23,6,2022,19,21,"[19, 20]",2
CBP 1-6 DA,2,23,6,2022,19,21,"[19, 20]",4
CBP 1-6 DA,2,23,6,2022,19,21,"[19, 20]",5
CBP 1-6 DA,2,23,6,2022,19,21,"[19, 20]",6
CBP 1-6 DO,2,23,6,2022,19,21,"[19, 20]",4
CBP 1-6 DO,6,27,6,2022,15,21,"[15, 16, 17, 18, 19, 20]",1
CBP 1-6 DO,6,27,6,2022,15,21,"[15, 16, 17, 18, 19, 20]",2
CBP 1-6 DO,6,27,6,2022,15,21,"[15, 16, 17, 18, 19, 20]",6
CBP 1-6 DA,6,11,7,2022,15,21,"[15, 16, 17, 18, 19, 20]",1
CBP 1-6 DA,6,11,7,2022,15,21,"[15, 16, 17, 18, 19, 20]",2
CBP 1-6 DO,6,11,7,2022,15,21,"[15, 16, 17, 18, 19, 20]",1
CBP 1-6 DO,6,11,7,2022,15,21,"[15, 16, 17, 18, 19, 20]",2
CBP 1-6 DO,6,11,7,2022,15,21,"[15, 16, 17, 18, 19, 20]",6
CBP 1-6 DA,6,14,7,2022,15,21,"[15, 16, 17, 18, 19, 20]",1
CBP 1-6 DA,6,14,7,2022,15,21,"[15, 16, 17, 18, 19, 20]",2
CBP 1-6 DO,6,14,7,2022,15,21,"[15, 16, 17, 18, 19, 20]",1
CBP 1-6 DO,6,14,7,2022,15,21,"[15, 16, 17, 18, 19, 20]",2
CBP 1-6 DO,6,14,7,2022,15,21,"[15, 16, 17, 18, 19, 20]",6
CBP 1-6 DA,6,15,7,2022,15,21,"[15, 16, 17, 18, 19, 20]",1
CBP 1-6 DA,6,15,7,2022,15,21,"[15, 16, 17, 18, 19, 20]",2
CBP 1-6 DO,6,15,7,2022,15,21,"[15, 16, 17, 18, 19, 20]",1
CBP 1-6 DO,6,15,7,2022,15,21,"[15, 16, 17, 18, 19, 20]",2
CBP 1-6 DO,6,15,7,2022,15,21,"[15, 16, 17, 18, 19, 20]",6
CBP 1-6 DA,6,18,7,2022,15,21,"[15, 16, 17, 18, 19, 20]",1
CBP 1-6 DA,6,18,7,2022,15,21,"[15, 16, 17, 18, 19, 20]",2
CBP 1-6 DO,6,18,7,2022,15,21,"[15, 16, 17, 18, 19, 20]",1
CBP 1-6 DO,6,18,7,2022,15,21,"[15, 16, 17, 18, 19, 20]",2
CBP 1-6 DO,6,18,7,2022,15,21,"[15, 16, 17, 18, 19, 20]",6
CBP 1-6 DA,6,19,7,2022,15,21,"[15, 16, 17, 18, 19, 20]",1
CBP 1-6 DA,6,19,7,2022,15,21,"[15, 16, 17, 18, 19, 20]",2
CBP 1-6 DO,6,19,7,2022,15,21,"[15, 16, 17, 18, 19, 20]",1
CBP 1-6 DO,6,19,7,2022,15,21,"[15, 16, 17, 18, 19, 20]",2
CBP 1-6 DO,6,19,7,2022,15,21,"[15, 16, 17, 18, 19, 20]",6
CBP 1-6 DA,6,22,7,2022,15,21,"[15, 16, 17, 18, 19, 20]",4
CBP 1-6 DA,6,22,7,2022,15,21,"[15, 16, 17, 18, 19, 20]",6
CBP 1-6 DA,6,28,7,2022,15,21,"[15, 16, 17, 18, 19, 20]",4
CBP 1-6 DA,6,29,7,2022,15,21,"[15, 16, 17, 18, 19, 20]",4
CBP 1-6 DA,6,29,7,2022,15,21,"[15, 16, 17, 18, 19, 20]",6
CBP 1-6 DO,6,29,7,2022,15,21,"[15, 16, 17, 18, 19, 20]",4
CBP 1-6 DO,6,29,7,2022,15,21,"[15, 16, 17, 18, 19, 20]",5
CBP 1-6 DA,1,1,8,2022,19,20,[19],5
CBP 1-6 DO,1,1,8,2022,19,20,[19],2
CBP 1-6 DA,1,3,8,2022,19,20,[19],5
CBP 1-6 DO,1,3,8,2022,19,20,[19],2
CBP 1-6 DA,6,4,8,2022,15,21,"[15, 16, 17, 18, 19, 20]",1
CBP 1-6 DA,6,4,8,2022,15,21,"[15, 16, 17, 18, 19, 20]",4
CBP 1-6 DA,6,4,8,2022,15,21,"[15, 16, 17, 18, 19, 20]",6
CBP 1-6 DO,6,4,8,2022,15,21,"[15, 16, 17, 18, 19, 20]",1
CBP 1-6 DO,6,4,8,2022,15,21,"[15, 16, 17, 18, 19, 20]",4
CBP 1-6 DO,6,4,8,2022,15,21,"[15, 16, 17, 18, 19, 20]",5
CBP 1-6 DO,6,4,8,2022,15,21,"[15, 16, 17, 18, 19, 20]",6
CBP 1-6 DA,2,4,8,2022,18,20,"[18, 19]",5
CBP 1-6 DO,2,4,8,2022,18,20,"[18, 19]",2
CBP 1-6 DA,6,5,8,2022,15,21,"[15, 16, 17, 18, 19, 20]",1
CBP 1-6 DA,6,5,8,2022,15,21,"[15, 16, 17, 18, 19, 20]",4
CBP 1-6 DA,6,5,8,2022,15,21,"[15, 16, 17, 18, 19, 20]",6
CBP 1-6 DO,6,5,8,2022,15,21,"[15, 16, 17, 18, 19, 20]",1
CBP 1-6 DO,6,5,8,2022,15,21,"[15, 16, 17, 18, 19, 20]",4
CBP 1-6 DO,6,5,8,2022,15,21,"[15, 16, 17, 18, 19, 20]",5
CBP 1-6 DO,6,5,8,2022,15,21,"[15, 16, 17, 18, 19, 20]",6
CBP 1-6 DA,2,5,8,2022,18,20,"[18, 19]",5
CBP 1-6 DO,2,5,8,2022,18,20,"[18, 19]",2
CBP 1-6 DA,6,8,8,2022,15,21,"[15, 16, 17, 18, 19, 20]",1
CBP 1-6 DA,6,8,8,2022,15,21,"[15, 16, 17, 18, 19, 20]",2
CBP 1-6 DA,6,8,8,2022,15,21,"[15, 16, 17, 18, 19, 20]",4
CBP 1-6 DA,6,8,8,2022,15,21,"[15, 16, 17, 18, 19, 20]",6
CBP 1-6 DO,6,8,8,2022,15,21,"[15, 16, 17, 18, 19, 20]",1
CBP 1-6 DO,6,8,8,2022,15,21,"[15, 16, 17, 18, 19, 20]",4
CBP 1-6 DO,6,8,8,2022,15,21,"[15, 16, 17, 18, 19, 20]",5
CBP 1-6 DO,6,8,8,2022,15,21,"[15, 16, 17, 18, 19, 20]",6
CBP 1-6 DA,4,8,8,2022,17,21,"[17, 18, 19, 20]",5
CBP 1-6 DO,4,8,8,2022,17,21,"[17, 18, 19, 20]",2
CBP 1-6 DA,6,9,8,2022,15,21,"[15, 16, 17, 18, 19, 20]",1
CBP 1-6 DA,6,9,8,2022,15,21,"[15, 16, 17, 18, 19, 20]",2
CBP 1-6 DA,6,9,8,2022,15,21,"[15, 16, 17, 18, 19, 20]",4
CBP 1-6 DA,6,9,8,2022,15,21,"[15, 16, 17, 18, 19, 20]",6
CBP 1-6 DO,6,9,8,2022,15,21,"[15, 16, 17, 18, 19, 20]",1
CBP 1-6 DO,6,9,8,2022,15,21,"[15, 16, 17, 18, 19, 20]",4
CBP 1-6 DO,6,9,8,2022,15,21,"[15, 16, 17, 18, 19, 20]",5
CBP 1-6 DO,6,9,8,2022,15,21,"[15, 16, 17, 18, 19, 20]",6
CBP 1-6 DA,6,10,8,2022,15,21,"[15, 16, 17, 18, 19, 20]",1
CBP 1-6 DO,6,10,8,2022,15,21,"[15, 16, 17, 18, 19, 20]",1
CBP 1-6 DO,6,10,8,2022,15,21,"[15, 16, 17, 18, 19, 20]",5
CBP 1-6 DO,6,16,8,2022,15,21,"[15, 16, 17, 18, 19, 20]",6
CBP 1-6 DA,6,31,8,2022,15,21,"[15, 16, 17, 18, 19, 20]",2
CBP 1-6 DA,6,31,8,2022,15,21,"[15, 16, 17, 18, 19, 20]",6
CBP 1-6 DA,6,1,9,2022,15,21,"[15, 16, 17, 18, 19, 20]",1
CBP 1-6 DA,6,1,9,2022,15,21,"[15, 16, 17, 18, 19, 20]",2
CBP 1-6 DA,6,1,9,2022,15,21,"[15, 16, 17, 18, 19, 20]",4
CBP 1-6 DA,6,1,9,2022,15,21,"[15, 16, 17, 18, 19, 20]",5
CBP 1-6 DA,6,1,9,2022,15,21,"[15, 16, 17, 18, 19, 20]",6
CBP 1-6 DO,6,1,9,2022,15,21,"[15, 16, 17, 18, 19, 20]",1
CBP 1-6 DO,6,1,9,2022,15,21,"[15, 16, 17, 18, 19, 20]",2
CBP 1-6 DO,6,1,9,2022,15,21,"[15, 16, 17, 18, 19, 20]",4
CBP 1-6 DO,6,1,9,2022,15,21,"[15, 16, 17, 18, 19, 20]",5
CBP 1-6 DO,6,1,9,2022,15,21,"[15, 16, 17, 18, 19, 20]",6
CBP 1-6 DA,6,2,9,2022,15,21,"[15, 16, 17, 18, 19, 20]",1
CBP 1-6 DA,6,2,9,2022,15,21,"[15, 16, 17, 18, 19, 20]",2
CBP 1-6 DA,6,2,9,2022,15,21,"[15, 16, 17, 18, 19, 20]",4
CBP 1-6 DA,6,2,9,2022,15,21,"[15, 16, 17, 18, 19, 20]",5
CBP 1-6 DA,6,2,9,2022,15,21,"[15, 16, 17, 18, 19, 20]",6
CBP 1-6 DO,6,2,9,2022,15,21,"[15, 16, 17, 18, 19, 20]",1
CBP 1-6 DO,6,2,9,2022,15,21,"[15, 16, 17, 18, 19, 20]",2
CBP 1-6 DO,6,2,9,2022,15,21,"[15, 16, 17, 18, 19, 20]",4
CBP 1-6 DO,6,2,9,2022,15,21,"[15, 16, 17, 18, 19, 20]",5
CBP 1-6 DO,6,2,9,2022,15,21,"[15, 16, 17, 18, 19, 20]",6
CBP 1-6 DA,6,6,9,2022,15,21,"[15, 16, 17, 18, 19, 20]",1
CBP 1-6 DA,6,6,9,2022,15,21,"[15, 16, 17, 18, 19, 20]",2
CBP 1-6 DA,6,6,9,2022,15,21,"[15, 16, 17, 18, 19, 20]",4
CBP 1-6 DA,6,6,9,2022,15,21,"[15, 16, 17, 18, 19, 20]",5
CBP 1-6 DA,6,6,9,2022,15,21,"[15, 16, 17, 18, 19, 20]",6
CBP 1-6 DO,6,6,9,2022,15,21,"[15, 16, 17, 18, 19, 20]",1
CBP 1-6 DO,6,6,9,2022,15,21,"[15, 16, 17, 18, 19, 20]",2
CBP 1-6 DO,6,6,9,2022,15,21,"[15, 16, 17, 18, 19, 20]",4
CBP 1-6 DO,6,6,9,2022,15,21,"[15, 16, 17, 18, 19, 20]",5
CBP 1-6 DO,6,6,9,2022,15,21,"[15, 16, 17, 18, 19, 20]",6
CBP 1-6 DA,6,7,9,2022,15,21,"[15, 16, 17, 18, 19, 20]",1
CBP 1-6 DA,6,7,9,2022,15,21,"[15, 16, 17, 18, 19, 20]",2
CBP 1-6 DA,6,7,9,2022,15,21,"[15, 16, 17, 18, 19, 20]",4
CBP 1-6 DA,6,7,9,2022,15,21,"[15, 16, 17, 18, 19, 20]",5
CBP 1-6 DA,6,7,9,2022,15,21,"[15, 16, 17, 18, 19, 20]",6
CBP 1-6 DO,6,7,9,2022,15,21,"[15, 16, 17, 18, 19, 20]",1
CBP 1-6 DO,6,7,9,2022,15,21,"[15, 16, 17, 18, 19, 20]",2
CBP 1-6 DO,6,7,9,2022,15,21,"[15, 16, 17, 18, 19, 20]",4
CBP 1-6 DO,6,7,9,2022,15,21,"[15, 16, 17, 18, 19, 20]",5
CBP 1-6 DO,6,7,9,2022,15,21,"[15, 16, 17, 18, 19, 20]",6
CBP 1-6 DA,6,8,9,2022,15,21,"[15, 16, 17, 18, 19, 20]",1
CBP 1-6 DA,6,8,9,2022,15,21,"[15, 16, 17, 18, 19, 20]",2
CBP 1-6 DA,6,8,9,2022,15,21,"[15, 16, 17, 18, 19, 20]",4
CBP 1-6 DA,6,8,9,2022,15,21,"[15, 16, 17, 18, 19, 20]",5
CBP 1-6 DA,6,8,9,2022,15,21,"[15, 16, 17, 18, 19, 20]",6
CBP 1-6 DO,6,8,9,2022,15,21,"[15, 16, 17, 18, 19, 20]",1
CBP 1-6 DO,6,8,9,2022,15,21,"[15, 16, 17, 18, 19, 20]",2
CBP 1-6 DO,6,8,9,2022,15,21,"[15, 16, 17, 18, 19, 20]",4
CBP 1-6 DO,6,8,9,2022,15,21,"[15, 16, 17, 18, 19, 20]",5
CBP 1-6 DO,6,8,9,2022,15,21,"[15, 16, 17, 18, 19, 20]",6
CBP 1-6 DA,6,5,10,2022,15,21,"[15, 16, 17, 18, 19, 20]",4
CBP 1-6 DA,6,6,10,2022,15,21,"[15, 16, 17, 18, 19, 20]",4
CBP 1-6 DA,6,6,10,2022,15,21,"[15, 16, 17, 18, 19, 20]",6
CBP 1-6 DO,6,6,10,2022,15,21,"[15, 16, 17, 18, 19, 20]",4
CBP 1-6 DO,6,6,10,2022,15,21,"[15, 16, 17, 18, 19, 20]",6
CBP 1-6 DA,6,19,10,2022,15,21,"[15, 16, 17, 18, 19, 20]",1
CBP 1-6 DA,6,19,10,2022,15,21,"[15, 16, 17, 18, 19, 20]",2
CBP 1-6 DA,6,19,10,2022,15,21,"[15, 16, 17, 18, 19, 20]",4
CBP 1-6 DA,6,19,10,2022,15,21,"[15, 16, 17, 18, 19, 20]",5
CBP 1-6 DA,6,19,10,2022,15,21,"[15, 16, 17, 18, 19, 20]",6
CBP 1-6 DO,6,19,10,2022,15,21,"[15, 16, 17, 18, 19, 20]",1
CBP 1-6 DO,6,19,10,2022,15,21,"[15, 16, 17, 18, 19, 20]",2
CBP 1-6 DO,6,19,10,2022,15,21,"[15, 16, 17, 18, 19, 20]",4
CBP 1-6 DO,6,19,10,2022,15,21,"[15, 16, 17, 18, 19, 20]",5
CBP 1-6 DO,6,19,10,2022,15,21,"[15, 16, 17, 18, 19, 20]",6
CBP 1-6 DA,5,20,10,2022,16,21,"[16, 17, 18, 19, 20]",4
CBP 1-6 DA,5,20,10,2022,16,21,"[16, 17, 18, 19, 20]",5
CBP 1-6 DO,5,20,10,2022,16,21,"[16, 17, 18, 19, 20]",5
CBP 1-6 DO,6,7,11,2022,15,21,"[15, 16, 17, 18, 19, 20]",1
CBP 1-6 DO,6,7,11,2022,15,21,"[15, 16, 17, 18, 19, 20]",5
CBP 1-6 DO,6,7,11,2022,15,21,"[15, 16, 17, 18, 19, 20]",6
CBP 1-6 DO,6,8,11,2022,15,21,"[15, 16, 17, 18, 19, 20]",1
CBP 1-6 DO,6,8,11,2022,15,21,"[15, 16, 17, 18, 19, 20]",5
CBP 1-6 DO,6,8,11,2022,15,21,"[15, 16, 17, 18, 19, 20]",6
CBP 1-6 DO,5,9,11,2022,16,21,"[16, 17, 18, 19, 20]",1
CBP 1-6 DO,5,9,11,2022,16,21,"[16, 17, 18, 19, 20]",6
CBP 1-6 DO,6,10,11,2022,15,21,"[15, 16, 17, 18, 19, 20]",1
CBP 1-6 DO,6,10,11,2022,15,21,"[15, 16, 17, 18, 19, 20]",5
CBP 1-6 DO,6,10,11,2022,15,21,"[15, 16, 17, 18, 19, 20]",6
CBP 1-6 DO,6,14,11,2022,15,21,"[15, 16, 17, 18, 19, 20]",1
CBP 1-6 DO,6,14,11,2022,15,21,"[15, 16, 17, 18, 19, 20]",5
CBP 1-6 DO,6,14,11,2022,15,21,"[15, 16, 17, 18, 19, 20]",6
CBP 1-6 DO,6,15,11,2022,15,21,"[15, 16, 17, 18, 19, 20]",5
CBP 1-6 DO,6,1,12,2022,15,21,"[15, 16, 17, 18, 19, 20]",1
CBP 1-6 DO,6,1,12,2022,15,21,"[15, 16, 17, 18, 19, 20]",5
CBP 1-6 DO,6,1,12,2022,15,21,"[15, 16, 17, 18, 19, 20]",6
CBP 1-6 DO,6,2,12,2022,15,21,"[15, 16, 17, 18, 19, 20]",1
CBP 1-6 DO,6,2,12,2022,15,21,"[15, 16, 17, 18, 19, 20]",5
CBP 1-6 DO,6,2,12,2022,15,21,"[15, 16, 17, 18, 19, 20]",6
CBP 1-6 DO,6,5,12,2022,15,21,"[15, 16, 17, 18, 19, 20]",1
CBP 1-6 DO,6,5,12,2022,15,21,"[15, 16, 17, 18, 19, 20]",5
CBP 1-6 DO,6,5,12,2022,15,21,"[15, 16, 17, 18, 19, 20]",6
CBP 1-6 DO,6,6,12,2022,15,21,"[15, 16, 17, 18, 19, 20]",1
CBP 1-6 DO,6,6,12,2022,15,21,"[15, 16, 17, 18, 19, 20]",5
CBP 1-6 DO,6,6,12,2022,15,21,"[15, 16, 17, 18, 19, 20]",6
CBP 1-6 DO,6,7,12,2022,15,21,"[15, 16, 17, 18, 19, 20]",1
CBP 1-6 DO,6,7,12,2022,15,21,"[15, 16, 17, 18, 19, 20]",5
CBP 1-6 DO,6,7,12,2022,15,21,"[15, 16, 17, 18, 19, 20]",6
CBP 1-6 DO,6,3,1,2023,15,21,"[15, 16, 17, 18, 19, 20]",1
CBP 1-6 DO,6,3,1,2023,15,21,"[15, 16, 17, 18, 19, 20]",5
CBP 1-6 DO,6,3,1,2023,15,21,"[15, 16, 17, 18, 19, 20]",6
CBP 1-6 DO,6,4,1,2023,15,21,"[15, 16, 17, 18, 19, 20]",1
CBP 1-6 DO,6,4,1,2023,15,21,"[15, 16, 17, 18, 19, 20]",5
CBP 1-6 DO,6,4,1,2023,15,21,"[15, 16, 17, 18, 19, 20]",6
CBP 1-6 DO,6,5,1,2023,15,21,"[15, 16, 17, 18, 19, 20]",1
CBP 1-6 DO,6,5,1,2023,15,21,"[15, 16, 17, 18, 19, 20]",5
CBP 1-6 DO,6,5,1,2023,15,21,"[15, 16, 17, 18, 19, 20]",6
CBP 1-6 DO,6,6,1,2023,15,21,"[15, 16, 17, 18, 19, 20]",1
CBP 1-6 DO,6,6,1,2023,15,21,"[15, 16, 17, 18, 19, 20]",5
CBP 1-6 DO,6,6,1,2023,15,21,"[15, 16, 17, 18, 19, 20]",6
CBP 1-6 DO,6,9,1,2023,15,21,"[15, 16, 17, 18, 19, 20]",1
CBP 1-6 DO,6,9,1,2023,15,21,"[15, 16, 17, 18, 19, 20]",5
CBP 1-6 DO,6,9,1,2023,15,21,"[15, 16, 17, 18, 19, 20]",6
CBP 1-6 DO,6,1,2,2023,15,21,"[15, 16, 17, 18, 19, 20]",5
CBP 1-6 DO,6,1,2,2023,15,21,"[15, 16, 17, 18, 19, 20]",6
CBP 1-6 DO,6,2,2,2023,15,21,"[15, 16, 17, 18, 19, 20]",1
CBP 1-6 DO,6,2,2,2023,15,21,"[15, 16, 17, 18, 19, 20]",5
CBP 1-6 DO,6,2,2,2023,15,21,"[15, 16, 17, 18, 19, 20]",6
CBP 1-6 DO,6,24,2,2023,15,21,"[15, 16, 17, 18, 19, 20]",1
CBP 1-6 DO,6,24,2,2023,15,21,"[15, 16, 17, 18, 19, 20]",5
CBP 1-6 DO,6,24,2,2023,15,21,"[15, 16, 17, 18, 19, 20]",6
CBP 1-6 DO,6,27,2,2023,15,21,"[15, 16, 17, 18, 19, 20]",5
CBP 1-6 DO,6,27,2,2023,15,21,"[15, 16, 17, 18, 19, 20]",6
CBP 1-6 DO,5,27,2,2023,16,21,"[16, 17, 18, 19, 20]",1
CBP 1-6 DO,4,1,3,2023,17,21,"[17, 18, 19, 20]",5
CBP 1-6 DO,4,1,3,2023,17,21,"[17, 18, 19, 20]",6
CBP 1-6 DO,5,2,3,2023,16,21,"[16, 17, 18, 19, 20]",1
CBP 1-6 DO,5,2,3,2023,16,21,"[16, 17, 18, 19, 20]",5
CBP 1-6 DO,5,2,3,2023,16,21,"[16, 17, 18, 19, 20]",6
CBP 1-6 DO,5,3,3,2023,16,21,"[16, 17, 18, 19, 20]",1
CBP 1-6 DO,5,3,3,2023,16,21,"[16, 17, 18, 19, 20]",5
CBP 1-6 DO,5,3,3,2023,16,21,"[16, 17, 18, 19, 20]",6
CBP 1-6 DO,5,6,3,2023,16,21,"[16, 17, 18, 19, 20]",1
CBP 1-6 DO,5,6,3,2023,16,21,"[16, 17, 18, 19, 20]",5
CBP 1-6 DO,5,6,3,2023,16,21,"[16, 17, 18, 19, 20]",6
CBP 1-6 DO,4,7,3,2023,17,21,"[17, 18, 19, 20]",1
CBP 1-6 DO,4,7,3,2023,17,21,"[17, 18, 19, 20]",5
CBP 1-6 DO,4,7,3,2023,17,21,"[17, 18, 19, 20]",6
CBP 1-6 DO,4,8,3,2023,17,21,"[17, 18, 19, 20]",1
CBP 1-6 DO,3,5,4,2023,18,21,"[18, 19, 20]",1
CBP 1-6 DO,3,5,4,2023,18,21,"[18, 19, 20]",5
CBP 1-6 DO,3,5,4,2023,18,21,"[18, 19, 20]",6
CBP 1-6 DO,3,6,4,2023,18,21,"[18, 19, 20]",1
CBP 1-6 DO,3,6,4,2023,18,21,"[18, 19, 20]",5
CBP 1-6 DO,3,6,4,2023,18,21,"[18, 19, 20]",6
CBP 1-6 DO,3,10,4,2023,18,21,"[18, 19, 20]",1
CBP 1-6 DO,3,10,4,2023,18,21,"[18, 19, 20]",5
CBP 1-6 DO,3,10,4,2023,18,21,"[18, 19, 20]",6
CBP 1-6 DO,3,21,4,2023,18,21,"[18, 19, 20]",1
CBP 1-6 DO,3,21,4,2023,18,21,"[18, 19, 20]",5
CBP 1-6 DO,3,21,4,2023,18,21,"[18, 19, 20]",6
CBP 1-6 DO,3,26,4,2023,18,21,"[18, 19, 20]",1
CBP 1-6 DO,3,26,4,2023,18,21,"[18, 19, 20]",5
CBP 1-6 DO,3,26,4,2023,18,21,"[18, 19, 20]",6
CBP 1-6 DA,6,17,7,2023,15,21,"[15, 16, 17, 18, 19, 20]",1
CBP 1-6 DO,6,17,7,2023,15,21,"[15, 16, 17, 18, 19, 20]",1
CBP 1-6 DO,6,17,7,2023,15,21,"[15, 16, 17, 18, 19, 20]",6
CBP 1-6 DO,5,17,7,2023,16,21,"[16, 17, 18, 19, 20]",5
CBP 1-6 DA,6,18,7,2023,15,21,"[15, 16, 17, 18, 19, 20]",1
CBP 1-6 DO,6,18,7,2023,15,21,"[15, 16, 17, 18, 19, 20]",1
CBP 1-6 DO,6,18,7,2023,15,21,"[15, 16, 17, 18, 19, 20]",5
CBP 1-6 DO,6,18,7,2023,15,21,"[15, 16, 17, 18, 19, 20]",6
CBP 1-6 DA,6,20,7,2023,15,21,"[15, 16, 17, 18, 19, 20]",1
CBP 1-6 DO,6,20,7,2023,15,21,"[15, 16, 17, 18, 19, 20]",1
CBP 1-6 DO,6,20,7,2023,15,21,"[15, 16, 17, 18, 19, 20]",5
CBP 1-6 DO,6,20,7,2023,15,21,"[15, 16, 17, 18, 19, 20]",6
CBP 1-6 DA,6,21,7,2023,15,21,"[15, 16, 17, 18, 19, 20]",1
CBP 1-6 DO,6,21,7,2023,15,21,"[15, 16, 17, 18, 19, 20]",1
CBP 1-6 DO,6,21,7,2023,15,21,"[15, 16, 17, 18, 19, 20]",5
CBP 1-6 DO,6,21,7,2023,15,21,"[15, 16, 17, 18, 19, 20]",6
CBP 1-6 DA,6,24,7,2023,15,21,"[15, 16, 17, 18, 19, 20]",1
CBP 1-6 DO,6,24,7,2023,15,21,"[15, 16, 17, 18, 19, 20]",1
CBP 1-6 DO,6,24,7,2023,15,21,"[15, 16, 17, 18, 19, 20]",5
CBP 1-6 DO,6,24,7,2023,15,21,"[15, 16, 17, 18, 19, 20]",6
CBP 1-6 DA,6,1,8,2023,15,21,"[15, 16, 17, 18, 19, 20]",1
CBP 1-6 DO,6,1,8,2023,15,21,"[15, 16, 17, 18, 19, 20]",1
CBP 1-6 DO,6,1,8,2023,15,21,"[15, 16, 17, 18, 19, 20]",5
CBP 1-6 DO,6,1,8,2023,15,21,"[15, 16, 17, 18, 19, 20]",6
CBP 1-6 DA,6,2,8,2023,15,21,"[15, 16, 17, 18, 19, 20]",1
CBP 1-6 DO,6,2,8,2023,15,21,"[15, 16, 17, 18, 19, 20]",1
CBP 1-6 DO,6,2,8,2023,15,21,"[15, 16, 17, 18, 19, 20]",5
CBP 1-6 DO,6,2,8,2023,15,21,"[15, 16, 17, 18, 19, 20]",6
CBP 1-6 DA,6,7,8,2023,15,21,"[15, 16, 17, 18, 19, 20]",1
CBP 1-6 DO,6,7,8,2023,15,21,"[15, 16, 17, 18, 19, 20]",1
CBP 1-6 DO,6,7,8,2023,15,21,"[15, 16, 17, 18, 19, 20]",5
CBP 1-6 DO,6,7,8,2023,15,21,"[15, 16, 17, 18, 19, 20]",6
CBP 1-6 DA,6,14,8,2023,15,21,"[15, 16, 17, 18, 19, 20]",1
CBP 1-6 DO,6,14,8,2023,15,21,"[15, 16, 17, 18, 19, 20]",1
CBP 1-6 DO,6,14,8,2023,15,21,"[15, 16, 17, 18, 19, 20]",5
CBP 1-6 DO,6,14,8,2023,15,21,"[15, 16, 17, 18, 19, 20]",6
CBP 1-6 DA,6,15,8,2023,15,21,"[15, 16, 17, 18, 19, 20]",1
CBP 1-6 DO,6,15,8,2023,15,21,"[15, 16, 17, 18, 19, 20]",1
CBP 1-6 DO,6,15,8,2023,15,21,"[15, 16, 17, 18, 19, 20]",5
CBP 1-6 DO,6,15,8,2023,15,21,"[15, 16, 17, 18, 19, 20]",6
CBP 1-6 DA,4,5,10,2023,17,21,"[17, 18, 19, 20]",1
CBP 1-6 DO,4,5,10,2023,17,21,"[17, 18, 19, 20]",1
CBP 1-6 DO,4,5,10,2023,17,21,"[17, 18, 19, 20]",5
CBP 1-6 DO,4,5,10,2023,17,21,"[17, 18, 19, 20]",6
CBP 1-6 DA,5,6,10,2023,16,21,"[16, 17, 18, 19, 20]",1
CBP 1-6 DO,5,6,10,2023,16,21,"[16, 17, 18, 19, 20]",1
CBP 1-6 DO,5,6,10,2023,16,21,"[16, 17, 18, 19, 20]",5
CBP 1-6 DO,5,6,10,2023,16,21,"[16, 17, 18, 19, 20]",6
CBP 1-6 DA,5,16,10,2023,16,21,"[16, 17, 18, 19, 20]",1
CBP 1-6 DO,5,16,10,2023,16,21,"[16, 17, 18, 19, 20]",1
CBP 1-6 DO,5,16,10,2023,16,21,"[16, 17, 18, 19, 20]",5
CBP 1-6 DO,5,16,10,2023,16,21,"[16, 17, 18, 19, 20]",6
CBP 1-6 DO,6,17,10,2023,15,21,"[15, 16, 17, 18, 19, 20]",6
CBP 1-6 DA,5,17,10,2023,16,21,"[16, 17, 18, 19, 20]",1
CBP 1-6 DO,5,17,10,2023,16,21,"[16, 17, 18, 19, 20]",1
CBP 1-6 DO,5,17,10,2023,16,21,"[16, 17, 18, 19, 20]",5
CBP 1-6 DA,6,18,10,2023,15,21,"[15, 16, 17, 18, 19, 20]",1
CBP 1-6 DO,6,18,10,2023,15,21,"[15, 16, 17, 18, 19, 20]",1
CBP 1-6 DO,6,18,10,2023,15,21,"[15, 16, 17, 18, 19, 20]",5
CBP 1-6 DO,6,18,10,2023,15,21,"[15, 16, 17, 18, 19, 20]",6
CBP 1-6 DO,5,2,11,2023,16,21,"[16, 17, 18, 19, 20]",5
